Batch Molecule-Batch ID,Plate Name,Plate Well,Storage: Solvent,Storage: Concentration (mM),Storage: Plate type
XYZ-581-001,0,X1,H2O,10,384PP
XYZ-581-001,0,X2,H2O,1,384PP
XYZ-581-001,0,X3,H2O,0.1,384PP
XYZ-581-001,0,X4,H2O,0.01,384PP
XYZ-832-001,200,A19,DMSO-d6,10,384LDV
Standard,70000,B07,DMSO-d6,30,384PP
Standard,3,E35,DMSO-d6,10,1536LDV
Standard,3,E36,DMSO-d6,1,1536LDV
Standard,3,E37,DMSO-d6,0.105,1536LDV
Standard,3,E38,DMSO-d6,0.015,1536LDV
XYZ-347-001,15,G01,DMSO-d6,10,384LDV
XYZ-275-001,15,K07,DMSO-d6,10,384LDV
XYZ-267-001,15,B21,DMSO-d6,20,384LDV
XYZ-217-001,15,K17,DMSO-d6,10,384LDV
XYZ-215-001,15,K06,DMSO-d6,10,384LDV
XYZ-211-001,15,B06,DMSO-d6,20,384LDV
XYZ-209-001,15,K24,DMSO-d6,10,384LDV
XYZ-198-001,15,N06,DMSO-d6,10,384LDV
XYZ-170-001,15,E18,DMSO-d6,20,384LDV
XYZ-168-001,15,N09,DMSO-d6,20,384LDV
XYZ-146-001,15,B23,dmso-d6,20,384LDV
XYZ-20-001,15,O08,dmso-d6,20,384LDV
XYZ-19-001,15,J05,DMSO,20,384LDV
XYZ-19-001,15,I11,DMSO,20,384LDV
XYZ-19-001,15,J01,DMSO,20,384LDV
XYZ-18-001,15,O20,DMSO,20,384LDV
XYZ-18-001,15,O19,water,20,384LDV
XYZ-18-001,15,I14,water,20,384LDV
XYZ-17-001,15,I12,water,20,384LDV
XYZ-17-001,15,O21,water,20,384LDV
XYZ-16-001,15,N22,water,20,384LDV
XYZ-13-001,15,N23,water,20,384LDV
XYZ-12-001,15,G09,water,20,384LDV
XYZ-10-001,15,B14,water,10,384LDV
XYZ-880-001,15,H22,water,20,384LDV
XYZ-863-001,15,H05,water,20,384LDV
XYZ-845-001,15,G20,DMSO,20,384LDV
XYZ-717-001,15,E24,DMSO,10,384LDV
XYZ-364-001,0,B19,DMSO,20,384LDV
XYZ-308-001,0,C08,DMSO,10,384LDV
XYZ-303-001,0,C03,DMSO,10,384LDV
XYZ-828-001,0,D07,DMSO,10,384LDV
XYZ-823-001,0,D01,DMSO,10,384LDV
XYZ-819-001,0,C16,DMSO,10,384LDV
XYZ-753-001,0,D24,DMSO,20,384LDV
XYZ-364-001,33,E35,DMSO,2,1536LDV
XYZ-364-001,33,E36,DMSO,1,1536LDV
XYZ-364-001,33,E37,DMSO,0.105,1536LDV
XYZ-364-001,33,E38,DMSO,0.00952,1536LDV
XYZ-267-001,33,AB27,DMSO,2,1536LDV
XYZ-267-001,33,AB28,DMSO,1,1536LDV
XYZ-267-001,33,AB29,DMSO,0.105,1536LDV
XYZ-267-001,33,AB30,DMSO,0.00952,1536LDV
XYZ-211-001,33,AA31,DMSO,2,1536LDV
XYZ-211-001,33,AA32,DMSO,1,1536LDV
XYZ-211-001,33,AA33,DMSO,0.105,1536LDV
XYZ-211-001,33,AA34,DMSO,0.00952,1536LDV
XYZ-170-001,33,Y27,DMSO,2,1536LDV
XYZ-170-001,33,Y28,DMSO,1,1536LDV
XYZ-170-001,33,Y29,DMSO,0.105,1536LDV
XYZ-170-001,33,Y30,DMSO,0.00952,1536LDV
XYZ-168-001,33,Y19,DMSO,2,1536LDV
XYZ-168-001,33,Y20,DMSO,1,1536LDV
XYZ-168-001,33,Y21,DMSO,0.105,1536LDV
XYZ-168-001,33,Y22,DMSO,0.00952,1536LDV
XYZ-146-001,33,V39,DMSO,2,1536LDV
XYZ-146-001,33,V40,DMSO,1,1536LDV
XYZ-146-001,33,V41,DMSO,0.105,1536LDV
XYZ-146-001,33,V42,DMSO,0.00952,1536LDV
XYZ-20-001,33,P15,DMSO,2,1536LDV
XYZ-20-001,33,P16,DMSO,1,1536LDV
XYZ-20-001,33,P17,DMSO,0.105,1536LDV
XYZ-20-001,33,P18,DMSO,0.00952,1536LDV
XYZ-19-001,33,P07,DMSO,2,1536LDV
XYZ-19-001,33,P08,DMSO,1,1536LDV
XYZ-19-001,33,P09,DMSO,0.105,1536LDV
XYZ-19-001,33,P10,DMSO,0.00952,1536LDV
XYZ-19-001,33,P03,DMSO,2,1536LDV
XYZ-19-001,33,P04,DMSO,1,1536LDV
XYZ-19-001,33,P05,DMSO,0.105,1536LDV
XYZ-19-001,33,P06,DMSO,0.00952,1536LDV
XYZ-19-001,33,O43,DMSO,2,1536LDV
XYZ-19-001,33,O44,DMSO,1,1536LDV
XYZ-19-001,33,O45,DMSO,0.105,1536LDV
XYZ-19-001,33,O46,DMSO,0.00952,1536LDV
XYZ-18-001,33,O39,DMSO,2,1536LDV
XYZ-18-001,33,O40,DMSO,1,1536LDV
XYZ-18-001,33,O41,DMSO,0.105,1536LDV
XYZ-18-001,33,O42,DMSO,0.00952,1536LDV
XYZ-18-001,33,O31,DMSO,2,1536LDV
XYZ-18-001,33,O32,DMSO,1,1536LDV
XYZ-18-001,33,O33,DMSO,0.105,1536LDV
XYZ-18-001,33,O34,DMSO,0.00952,1536LDV
XYZ-18-001,33,O27,DMSO,2,1536LDV
XYZ-18-001,33,O28,DMSO,1,1536LDV
XYZ-18-001,33,O29,DMSO,0.105,1536LDV
XYZ-18-001,33,O30,DMSO,0.00952,1536LDV
XYZ-17-001,33,O19,DMSO,2,1536LDV
XYZ-17-001,33,O20,DMSO,1,1536LDV
XYZ-17-001,33,O21,DMSO,0.105,1536LDV
XYZ-17-001,33,O22,DMSO,0.00952,1536LDV
XYZ-17-001,33,O15,DMSO,2,1536LDV
XYZ-17-001,33,O16,DMSO,1,1536LDV
XYZ-17-001,33,O17,DMSO,0.105,1536LDV
XYZ-17-001,33,O18,DMSO,0.00952,1536LDV
XYZ-16-001,33,O07,DMSO,2,1536LDV
XYZ-16-001,33,O08,DMSO,1,1536LDV
XYZ-16-001,33,O09,DMSO,0.105,1536LDV
XYZ-16-001,33,O10,DMSO,0.00952,1536LDV
XYZ-13-001,33,N07,DMSO,2,1536LDV
XYZ-13-001,33,N08,DMSO,1,1536LDV
XYZ-13-001,33,N09,DMSO,0.105,1536LDV
XYZ-13-001,33,N10,DMSO,0.00952,1536LDV
XYZ-12-001,33,M43,DMSO,2,1536LDV
XYZ-12-001,33,M44,DMSO,1,1536LDV
XYZ-12-001,33,M45,DMSO,0.105,1536LDV
XYZ-12-001,33,M46,DMSO,0.00952,1536LDV
XYZ-880-001,33,L03,DMSO,2,1536LDV
XYZ-880-001,33,L04,DMSO,1,1536LDV
XYZ-880-001,33,L05,DMSO,0.105,1536LDV
XYZ-880-001,33,L06,DMSO,0.00952,1536LDV
XYZ-863-001,33,K11,DMSO,2,1536LDV
XYZ-863-001,33,K12,DMSO,1,1536LDV
XYZ-863-001,33,K13,DMSO,0.105,1536LDV
XYZ-863-001,33,K14,DMSO,0.00952,1536LDV
XYZ-845-001,33,J23,DMSO,2,1536LDV
XYZ-845-001,33,J24,DMSO,1,1536LDV
XYZ-845-001,33,J25,DMSO,0.105,1536LDV
XYZ-845-001,33,J26,DMSO,0.00952,1536LDV
XYZ-753-001,33,G07,DMSO,2,1536LDV
XYZ-753-001,33,G08,DMSO,1,1536LDV
XYZ-753-001,33,G09,DMSO,0.105,1536LDV
XYZ-753-001,33,G10,DMSO,0.00952,1536LDV
XYZ-832-001,34,E38,DMSO,1,1536LDV
XYZ-832-001,34,E39,DMSO,0.1,1536LDV
XYZ-832-001,34,E40,DMSO,0.00952,1536LDV
XYZ-347-001,34,D04,DMSO,1,1536LDV
XYZ-347-001,34,D05,DMSO,0.1,1536LDV
XYZ-347-001,34,D06,DMSO,0.00952,1536LDV
XYZ-308-001,34,O03,DMSO,1,1536LDV
XYZ-308-001,34,O04,DMSO,0.1,1536LDV
XYZ-308-001,34,O05,DMSO,0.00952,1536LDV
XYZ-303-001,34,N32,DMSO,1,1536LDV
XYZ-303-001,34,N33,DMSO,0.1,1536LDV
XYZ-303-001,34,N34,DMSO,0.00952,1536LDV
XYZ-275-001,34,M07,DMSO,1,1536LDV
XYZ-275-001,34,M08,DMSO,0.1,1536LDV
XYZ-275-001,34,M09,DMSO,0.00952,1536LDV
XYZ-217-001,34,L33,DMSO,1,1536LDV
XYZ-217-001,34,L34,DMSO,0.1,1536LDV
XYZ-217-001,34,L35,DMSO,0.00952,1536LDV
XYZ-215-001,34,L30,DMSO,1,1536LDV
XYZ-215-001,34,L31,DMSO,0.1,1536LDV
XYZ-215-001,34,L32,DMSO,0.00952,1536LDV
XYZ-209-001,34,L21,DMSO,1,1536LDV
XYZ-209-001,34,L22,DMSO,0.1,1536LDV
XYZ-209-001,34,L23,DMSO,0.00952,1536LDV
XYZ-198-001,34,K20,DMSO,1,1536LDV
XYZ-198-001,34,K21,DMSO,0.1,1536LDV
XYZ-198-001,34,K22,DMSO,0.00952,1536LDV
XYZ-10-001,34,F39,DMSO,1,1536LDV
XYZ-10-001,34,F40,DMSO,0.1,1536LDV
XYZ-10-001,34,F41,DMSO,0.00952,1536LDV
XYZ-828-001,34,E20,DMSO,1,1536LDV
XYZ-828-001,34,E21,DMSO,0.1,1536LDV
XYZ-828-001,34,E22,DMSO,0.00952,1536LDV
XYZ-823-001,34,E11,DMSO,1,1536LDV
XYZ-823-001,34,E12,DMSO,0.1,1536LDV
XYZ-823-001,34,E13,DMSO,0.00952,1536LDV
XYZ-819-001,34,E08,DMSO,1,1536LDV
XYZ-819-001,34,E09,DMSO,0.1,1536LDV
XYZ-819-001,34,E10,DMSO,0.00952,1536LDV
XYZ-717-001,34,C18,DMSO,1,1536LDV
XYZ-717-001,34,C19,DMSO,0.1,1536LDV
XYZ-717-001,34,C20,DMSO,0.00952,1536LDV
XYZ-25-001,999,A16,DMSO,10,384PP
XYZ-25-001,999,B16,DMSO,1,384PP
XYZ-25-001,999,C16,DMSO,0.1,384PP
XYZ-25-001,999,D16,DMSO,0.01,384PP
XYZ-25-001,999,E16,DMSO,0.001,384PP
XYZ-25-001,999,F16,DMSO,0.0001,384PP
XYZ-25-001,999,G16,DMSO,0.00001,384PP
XYZ-24-001,999,A15,DMSO,10,384PP
XYZ-24-001,999,B15,DMSO,1,384PP
XYZ-24-001,999,C15,DMSO,0.1,384PP
XYZ-24-001,999,D15,DMSO,0.01,384PP
XYZ-24-001,999,E15,DMSO,0.001,384PP
XYZ-24-001,999,F15,DMSO,0.0001,384PP
XYZ-24-001,999,G15,DMSO,0.00001,384PP
XYZ-23-001,999,A12,DMSO,10,384PP
XYZ-23-001,999,B12,DMSO,1,384PP
XYZ-23-001,999,C12,DMSO,0.1,384PP
XYZ-23-001,999,D12,DMSO,0.01,384PP
XYZ-23-001,999,E12,DMSO,0.001,384PP
XYZ-23-001,999,F12,DMSO,0.0001,384PP
XYZ-23-001,999,G12,DMSO,0.00001,384PP
XYZ-918-001,999,A03,DMSO,10,384PP
XYZ-918-001,999,B03,DMSO,1,384PP
XYZ-918-001,999,C03,DMSO,0.1,384PP
XYZ-918-001,999,D03,DMSO,0.01,384PP
XYZ-918-001,999,E03,DMSO,0.001,384PP
XYZ-918-001,999,F03,DMSO,0.0001,384PP
XYZ-918-001,999,G03,DMSO,0.00001,384PP
XYZ-213-001,666,X09,DMSO,1,1536LDV
XYZ-213-001,666,X10,DMSO,0.0996,1536LDV
XYZ-213-001,666,X11,DMSO,0.00949,1536LDV
XYZ-102-001,666,V40,DMSO,1,1536LDV
XYZ-102-001,666,V41,DMSO,0.101,1536LDV
XYZ-102-001,666,V42,DMSO,0.00967,1536LDV
XYZ-100-001,666,V34,DMSO,1,1536LDV
XYZ-100-001,666,V35,DMSO,0.0985,1536LDV
XYZ-100-001,666,V36,DMSO,0.0104,1536LDV
XYZ-66-001,666,R33,DMSO,1,1536LDV
XYZ-66-001,666,R34,DMSO,0.0997,1536LDV
XYZ-66-001,666,R35,DMSO,0.0095,1536LDV
XYZ-7-001,666,M31,DMSO,1,1536LDV
XYZ-7-001,666,M32,DMSO,0.101,1536LDV
XYZ-7-001,666,M33,DMSO,0.00967,1536LDV
XYZ-6-001,666,M22,DMSO,0.999,1536LDV
XYZ-6-001,666,M23,DMSO,0.101,1536LDV
XYZ-6-001,666,M24,DMSO,0.0096,1536LDV
XYZ-213-001,667,C03,DMSO,9.96,384LDV
XYZ-102-001,667,C14,DMSO,10.1,384LDV
XYZ-100-001,667,N11,DMSO,10.9,384LDV
XYZ-66-001,667,I17,DMSO,9.97,384LDV
XYZ-7-001,667,K16,DMSO,10.1,384LDV
XYZ-6-001,667,D21,DMSO,10.1,384LDV
XYZ-345-001,668,F07,DMSO,20,384PP
XYZ-345-001,668,G07,DMSO,2,384PP
XYZ-345-001,668,H07,DMSO,0.2,384PP
XYZ-345-001,668,I07,DMSO,0.02,384PP
XYZ-345-001,668,J07,DMSO,0.002,384PP
XYZ-331-001,668,A16,DMSO,20,384PP
XYZ-331-001,668,B16,DMSO,2,384PP
XYZ-331-001,668,C16,DMSO,0.2,384PP
XYZ-331-001,668,D16,DMSO,0.02,384PP
XYZ-331-001,668,E16,DMSO,0.002,384PP
XYZ-329-001,668,G20,DMSO,2,384PP
XYZ-329-001,668,H20,DMSO,0.2,384PP
XYZ-329-001,668,I20,DMSO,0.02,384PP
XYZ-329-001,668,J20,DMSO,0.002,384PP
XYZ-26-001,668,A01,DMSO,20,384PP
XYZ-26-001,668,B01,DMSO,2,384PP
XYZ-26-001,668,C01,DMSO,0.2,384PP
XYZ-26-001,668,D01,DMSO,0.02,384PP
XYZ-26-001,668,E01,DMSO,0.002,384PP
XYZ-507-001,1,B19,DMSO,10,384PP
XYZ-507-001,1,F19,DMSO,1,384PP
XYZ-507-001,1,J19,DMSO,0.1,384PP
XYZ-507-001,1,N19,DMSO,0.01,384PP
XYZ-506-001,1,B18,DMSO,10,384PP
XYZ-506-001,1,F18,DMSO,1,384PP
XYZ-506-001,1,J18,DMSO,0.1,384PP
XYZ-506-001,1,N18,DMSO,0.01,384PP
XYZ-494-001,1,B08,DMSO,10,384PP
XYZ-494-001,1,F08,DMSO,1,384PP
XYZ-494-001,1,J08,DMSO,0.1,384PP
XYZ-494-001,1,N08,DMSO,0.01,384PP
XYZ-479-001,1,A05,DMSO,10,384PP
XYZ-479-001,1,E05,DMSO,1,384PP
XYZ-479-001,1,I05,DMSO,0.1,384PP
XYZ-479-001,1,M05,DMSO,0.01,384PP
XYZ-477-001,1,A04,DMSO,10,384PP
XYZ-477-001,1,E04,DMSO,1,384PP
XYZ-477-001,1,I04,DMSO,0.1,384PP
XYZ-477-001,1,M04,DMSO,0.01,384PP
XYZ-457-001,1,C09,DMSO,10,384PP
XYZ-457-001,1,G09,DMSO,1,384PP
XYZ-457-001,1,K09,DMSO,0.1,384PP
XYZ-457-001,1,O09,DMSO,0.01,384PP
XYZ-982-001,1,A22,DMSO,10,384PP
XYZ-982-001,1,E22,DMSO,1,384PP
XYZ-982-001,1,I22,DMSO,0.1,384PP
XYZ-982-001,1,M22,DMSO,0.01,384PP
XYZ-964-001,1,A13,DMSO,10,384PP
XYZ-964-001,1,E13,DMSO,1,384PP
XYZ-964-001,1,I13,DMSO,0.1,384PP
XYZ-964-001,1,M13,DMSO,0.01,384PP
