Source Plate Barcode,Source Well,Destination Well,Transfer Volume,Transfer Volume Unit,Destination Plate Barcode,Destination Plate Type,Source Plate Type,Source Plate Name,Destination Plate Name,Sample Name,Stock Concentration,Stock Concentration Unit,Solvent,Final Volume,Final Volume Unit,Final Concentration,Final Concentration Unit
33,E35,B35,7.5,nL,100,1536LDV_MDX[1],1536LDV_DMSO,1536LDV[4],1536LDV_MDX[1],XYZ-364-001,2000,uM,DMSO,4,uL,3.75,uM
33,E35,B36,2.5,nL,100,1536LDV_MDX[1],1536LDV_DMSO,1536LDV[4],1536LDV_MDX[1],XYZ-364-001,2000,uM,DMSO,4,uL,1.25,uM
33,E37,B37,15,nL,100,1536LDV_MDX[1],1536LDV_DMSO,1536LDV[4],1536LDV_MDX[1],XYZ-364-001,105,uM,DMSO,4,uL,0.39375,uM
33,E37,B38,5,nL,100,1536LDV_MDX[1],1536LDV_DMSO,1536LDV[4],1536LDV_MDX[1],XYZ-364-001,105,uM,DMSO,4,uL,0.13125,uM
33,E38,B39,20,nL,100,1536LDV_MDX[1],1536LDV_DMSO,1536LDV[4],1536LDV_MDX[1],XYZ-364-001,9.520000000000001,uM,DMSO,4,uL,0.04760000000000001,uM
33,E38,B40,7.5,nL,100,1536LDV_MDX[1],1536LDV_DMSO,1536LDV[4],1536LDV_MDX[1],XYZ-364-001,9.520000000000001,uM,DMSO,4,uL,0.01785,uM
33,E35,C5,7.5,nL,100,1536LDV_MDX[1],1536LDV_DMSO,1536LDV[4],1536LDV_MDX[1],XYZ-364-001,2000,uM,DMSO,4,uL,3.75,uM
33,E35,C6,2.5,nL,100,1536LDV_MDX[1],1536LDV_DMSO,1536LDV[4],1536LDV_MDX[1],XYZ-364-001,2000,uM,DMSO,4,uL,1.25,uM
33,E37,C7,15,nL,100,1536LDV_MDX[1],1536LDV_DMSO,1536LDV[4],1536LDV_MDX[1],XYZ-364-001,105,uM,DMSO,4,uL,0.39375,uM
33,E37,C8,5,nL,100,1536LDV_MDX[1],1536LDV_DMSO,1536LDV[4],1536LDV_MDX[1],XYZ-364-001,105,uM,DMSO,4,uL,0.13125,uM
33,E38,C9,20,nL,100,1536LDV_MDX[1],1536LDV_DMSO,1536LDV[4],1536LDV_MDX[1],XYZ-364-001,9.520000000000001,uM,DMSO,4,uL,0.04760000000000001,uM
33,E38,C10,7.5,nL,100,1536LDV_MDX[1],1536LDV_DMSO,1536LDV[4],1536LDV_MDX[1],XYZ-364-001,9.520000000000001,uM,DMSO,4,uL,0.01785,uM
33,E35,C15,7.5,nL,100,1536LDV_MDX[1],1536LDV_DMSO,1536LDV[4],1536LDV_MDX[1],XYZ-364-001,2000,uM,DMSO,4,uL,3.75,uM
33,E35,C16,2.5,nL,100,1536LDV_MDX[1],1536LDV_DMSO,1536LDV[4],1536LDV_MDX[1],XYZ-364-001,2000,uM,DMSO,4,uL,1.25,uM
33,E37,C17,15,nL,100,1536LDV_MDX[1],1536LDV_DMSO,1536LDV[4],1536LDV_MDX[1],XYZ-364-001,105,uM,DMSO,4,uL,0.39375,uM
33,E37,C18,5,nL,100,1536LDV_MDX[1],1536LDV_DMSO,1536LDV[4],1536LDV_MDX[1],XYZ-364-001,105,uM,DMSO,4,uL,0.13125,uM
33,E38,C19,20,nL,100,1536LDV_MDX[1],1536LDV_DMSO,1536LDV[4],1536LDV_MDX[1],XYZ-364-001,9.520000000000001,uM,DMSO,4,uL,0.04760000000000001,uM
33,E38,C20,7.5,nL,100,1536LDV_MDX[1],1536LDV_DMSO,1536LDV[4],1536LDV_MDX[1],XYZ-364-001,9.520000000000001,uM,DMSO,4,uL,0.01785,uM
33,G07,C25,7.5,nL,100,1536LDV_MDX[1],1536LDV_DMSO,1536LDV[4],1536LDV_MDX[1],XYZ-753-001,2000,uM,DMSO,4,uL,3.75,uM
33,G07,C26,2.5,nL,100,1536LDV_MDX[1],1536LDV_DMSO,1536LDV[4],1536LDV_MDX[1],XYZ-753-001,2000,uM,DMSO,4,uL,1.25,uM
33,G09,C27,15,nL,100,1536LDV_MDX[1],1536LDV_DMSO,1536LDV[4],1536LDV_MDX[1],XYZ-753-001,105,uM,DMSO,4,uL,0.39375,uM
33,G09,C28,5,nL,100,1536LDV_MDX[1],1536LDV_DMSO,1536LDV[4],1536LDV_MDX[1],XYZ-753-001,105,uM,DMSO,4,uL,0.13125,uM
33,G10,C29,20,nL,100,1536LDV_MDX[1],1536LDV_DMSO,1536LDV[4],1536LDV_MDX[1],XYZ-753-001,9.520000000000001,uM,DMSO,4,uL,0.04760000000000001,uM
33,G10,C30,7.5,nL,100,1536LDV_MDX[1],1536LDV_DMSO,1536LDV[4],1536LDV_MDX[1],XYZ-753-001,9.520000000000001,uM,DMSO,4,uL,0.01785,uM
33,G07,C35,7.5,nL,100,1536LDV_MDX[1],1536LDV_DMSO,1536LDV[4],1536LDV_MDX[1],XYZ-753-001,2000,uM,DMSO,4,uL,3.75,uM
33,G07,C36,2.5,nL,100,1536LDV_MDX[1],1536LDV_DMSO,1536LDV[4],1536LDV_MDX[1],XYZ-753-001,2000,uM,DMSO,4,uL,1.25,uM
33,G09,C37,15,nL,100,1536LDV_MDX[1],1536LDV_DMSO,1536LDV[4],1536LDV_MDX[1],XYZ-753-001,105,uM,DMSO,4,uL,0.39375,uM
33,G09,C38,5,nL,100,1536LDV_MDX[1],1536LDV_DMSO,1536LDV[4],1536LDV_MDX[1],XYZ-753-001,105,uM,DMSO,4,uL,0.13125,uM
33,G10,C39,20,nL,100,1536LDV_MDX[1],1536LDV_DMSO,1536LDV[4],1536LDV_MDX[1],XYZ-753-001,9.520000000000001,uM,DMSO,4,uL,0.04760000000000001,uM
33,G10,C40,7.5,nL,100,1536LDV_MDX[1],1536LDV_DMSO,1536LDV[4],1536LDV_MDX[1],XYZ-753-001,9.520000000000001,uM,DMSO,4,uL,0.01785,uM
33,G07,D5,7.5,nL,100,1536LDV_MDX[1],1536LDV_DMSO,1536LDV[4],1536LDV_MDX[1],XYZ-753-001,2000,uM,DMSO,4,uL,3.75,uM
33,G07,D6,2.5,nL,100,1536LDV_MDX[1],1536LDV_DMSO,1536LDV[4],1536LDV_MDX[1],XYZ-753-001,2000,uM,DMSO,4,uL,1.25,uM
33,G09,D7,15,nL,100,1536LDV_MDX[1],1536LDV_DMSO,1536LDV[4],1536LDV_MDX[1],XYZ-753-001,105,uM,DMSO,4,uL,0.39375,uM
33,G09,D8,5,nL,100,1536LDV_MDX[1],1536LDV_DMSO,1536LDV[4],1536LDV_MDX[1],XYZ-753-001,105,uM,DMSO,4,uL,0.13125,uM
33,G10,D9,20,nL,100,1536LDV_MDX[1],1536LDV_DMSO,1536LDV[4],1536LDV_MDX[1],XYZ-753-001,9.520000000000001,uM,DMSO,4,uL,0.04760000000000001,uM
33,G10,D10,7.5,nL,100,1536LDV_MDX[1],1536LDV_DMSO,1536LDV[4],1536LDV_MDX[1],XYZ-753-001,9.520000000000001,uM,DMSO,4,uL,0.01785,uM
34,N32,D15,15,nL,100,1536LDV_MDX[1],1536LDV_DMSO,1536LDV[5],1536LDV_MDX[1],XYZ-303-001,1000,uM,DMSO,4,uL,3.75,uM
34,N32,D16,5,nL,100,1536LDV_MDX[1],1536LDV_DMSO,1536LDV[5],1536LDV_MDX[1],XYZ-303-001,1000,uM,DMSO,4,uL,1.25,uM
34,N33,D17,17.5,nL,100,1536LDV_MDX[1],1536LDV_DMSO,1536LDV[5],1536LDV_MDX[1],XYZ-303-001,100,uM,DMSO,4,uL,0.43750000000000006,uM
34,N33,D18,5,nL,100,1536LDV_MDX[1],1536LDV_DMSO,1536LDV[5],1536LDV_MDX[1],XYZ-303-001,100,uM,DMSO,4,uL,0.125,uM
34,N34,D19,20,nL,100,1536LDV_MDX[1],1536LDV_DMSO,1536LDV[5],1536LDV_MDX[1],XYZ-303-001,9.520000000000001,uM,DMSO,4,uL,0.04760000000000001,uM
34,N34,D20,7.5,nL,100,1536LDV_MDX[1],1536LDV_DMSO,1536LDV[5],1536LDV_MDX[1],XYZ-303-001,9.520000000000001,uM,DMSO,4,uL,0.01785,uM
34,N32,D25,15,nL,100,1536LDV_MDX[1],1536LDV_DMSO,1536LDV[5],1536LDV_MDX[1],XYZ-303-001,1000,uM,DMSO,4,uL,3.75,uM
34,N32,D26,5,nL,100,1536LDV_MDX[1],1536LDV_DMSO,1536LDV[5],1536LDV_MDX[1],XYZ-303-001,1000,uM,DMSO,4,uL,1.25,uM
34,N33,D27,17.5,nL,100,1536LDV_MDX[1],1536LDV_DMSO,1536LDV[5],1536LDV_MDX[1],XYZ-303-001,100,uM,DMSO,4,uL,0.43750000000000006,uM
34,N33,D28,5,nL,100,1536LDV_MDX[1],1536LDV_DMSO,1536LDV[5],1536LDV_MDX[1],XYZ-303-001,100,uM,DMSO,4,uL,0.125,uM
34,N34,D29,20,nL,100,1536LDV_MDX[1],1536LDV_DMSO,1536LDV[5],1536LDV_MDX[1],XYZ-303-001,9.520000000000001,uM,DMSO,4,uL,0.04760000000000001,uM
34,N34,D30,7.5,nL,100,1536LDV_MDX[1],1536LDV_DMSO,1536LDV[5],1536LDV_MDX[1],XYZ-303-001,9.520000000000001,uM,DMSO,4,uL,0.01785,uM
34,N32,D35,15,nL,100,1536LDV_MDX[1],1536LDV_DMSO,1536LDV[5],1536LDV_MDX[1],XYZ-303-001,1000,uM,DMSO,4,uL,3.75,uM
34,N32,D36,5,nL,100,1536LDV_MDX[1],1536LDV_DMSO,1536LDV[5],1536LDV_MDX[1],XYZ-303-001,1000,uM,DMSO,4,uL,1.25,uM
34,N33,D37,17.5,nL,100,1536LDV_MDX[1],1536LDV_DMSO,1536LDV[5],1536LDV_MDX[1],XYZ-303-001,100,uM,DMSO,4,uL,0.43750000000000006,uM
34,N33,D38,5,nL,100,1536LDV_MDX[1],1536LDV_DMSO,1536LDV[5],1536LDV_MDX[1],XYZ-303-001,100,uM,DMSO,4,uL,0.125,uM
34,N34,D39,20,nL,100,1536LDV_MDX[1],1536LDV_DMSO,1536LDV[5],1536LDV_MDX[1],XYZ-303-001,9.520000000000001,uM,DMSO,4,uL,0.04760000000000001,uM
34,N34,D40,7.5,nL,100,1536LDV_MDX[1],1536LDV_DMSO,1536LDV[5],1536LDV_MDX[1],XYZ-303-001,9.520000000000001,uM,DMSO,4,uL,0.01785,uM
34,O03,E5,15,nL,100,1536LDV_MDX[1],1536LDV_DMSO,1536LDV[5],1536LDV_MDX[1],XYZ-308-001,1000,uM,DMSO,4,uL,3.75,uM
34,O03,E6,5,nL,100,1536LDV_MDX[1],1536LDV_DMSO,1536LDV[5],1536LDV_MDX[1],XYZ-308-001,1000,uM,DMSO,4,uL,1.25,uM
34,O04,E7,17.5,nL,100,1536LDV_MDX[1],1536LDV_DMSO,1536LDV[5],1536LDV_MDX[1],XYZ-308-001,100,uM,DMSO,4,uL,0.43750000000000006,uM
34,O04,E8,5,nL,100,1536LDV_MDX[1],1536LDV_DMSO,1536LDV[5],1536LDV_MDX[1],XYZ-308-001,100,uM,DMSO,4,uL,0.125,uM
34,O05,E9,20,nL,100,1536LDV_MDX[1],1536LDV_DMSO,1536LDV[5],1536LDV_MDX[1],XYZ-308-001,9.520000000000001,uM,DMSO,4,uL,0.04760000000000001,uM
34,O05,E10,7.5,nL,100,1536LDV_MDX[1],1536LDV_DMSO,1536LDV[5],1536LDV_MDX[1],XYZ-308-001,9.520000000000001,uM,DMSO,4,uL,0.01785,uM
34,O03,E15,15,nL,100,1536LDV_MDX[1],1536LDV_DMSO,1536LDV[5],1536LDV_MDX[1],XYZ-308-001,1000,uM,DMSO,4,uL,3.75,uM
34,O03,E16,5,nL,100,1536LDV_MDX[1],1536LDV_DMSO,1536LDV[5],1536LDV_MDX[1],XYZ-308-001,1000,uM,DMSO,4,uL,1.25,uM
34,O04,E17,17.5,nL,100,1536LDV_MDX[1],1536LDV_DMSO,1536LDV[5],1536LDV_MDX[1],XYZ-308-001,100,uM,DMSO,4,uL,0.43750000000000006,uM
34,O04,E18,5,nL,100,1536LDV_MDX[1],1536LDV_DMSO,1536LDV[5],1536LDV_MDX[1],XYZ-308-001,100,uM,DMSO,4,uL,0.125,uM
34,O05,E19,20,nL,100,1536LDV_MDX[1],1536LDV_DMSO,1536LDV[5],1536LDV_MDX[1],XYZ-308-001,9.520000000000001,uM,DMSO,4,uL,0.04760000000000001,uM
34,O05,E20,7.5,nL,100,1536LDV_MDX[1],1536LDV_DMSO,1536LDV[5],1536LDV_MDX[1],XYZ-308-001,9.520000000000001,uM,DMSO,4,uL,0.01785,uM
34,O03,E25,15,nL,100,1536LDV_MDX[1],1536LDV_DMSO,1536LDV[5],1536LDV_MDX[1],XYZ-308-001,1000,uM,DMSO,4,uL,3.75,uM
34,O03,E26,5,nL,100,1536LDV_MDX[1],1536LDV_DMSO,1536LDV[5],1536LDV_MDX[1],XYZ-308-001,1000,uM,DMSO,4,uL,1.25,uM
34,O04,E27,17.5,nL,100,1536LDV_MDX[1],1536LDV_DMSO,1536LDV[5],1536LDV_MDX[1],XYZ-308-001,100,uM,DMSO,4,uL,0.43750000000000006,uM
34,O04,E28,5,nL,100,1536LDV_MDX[1],1536LDV_DMSO,1536LDV[5],1536LDV_MDX[1],XYZ-308-001,100,uM,DMSO,4,uL,0.125,uM
34,O05,E29,20,nL,100,1536LDV_MDX[1],1536LDV_DMSO,1536LDV[5],1536LDV_MDX[1],XYZ-308-001,9.520000000000001,uM,DMSO,4,uL,0.04760000000000001,uM
34,O05,E30,7.5,nL,100,1536LDV_MDX[1],1536LDV_DMSO,1536LDV[5],1536LDV_MDX[1],XYZ-308-001,9.520000000000001,uM,DMSO,4,uL,0.01785,uM
34,E08,E35,15,nL,100,1536LDV_MDX[1],1536LDV_DMSO,1536LDV[5],1536LDV_MDX[1],XYZ-819-001,1000,uM,DMSO,4,uL,3.75,uM
34,E08,E36,5,nL,100,1536LDV_MDX[1],1536LDV_DMSO,1536LDV[5],1536LDV_MDX[1],XYZ-819-001,1000,uM,DMSO,4,uL,1.25,uM
34,E09,E37,17.5,nL,100,1536LDV_MDX[1],1536LDV_DMSO,1536LDV[5],1536LDV_MDX[1],XYZ-819-001,100,uM,DMSO,4,uL,0.43750000000000006,uM
34,E09,E38,5,nL,100,1536LDV_MDX[1],1536LDV_DMSO,1536LDV[5],1536LDV_MDX[1],XYZ-819-001,100,uM,DMSO,4,uL,0.125,uM
34,E10,E39,20,nL,100,1536LDV_MDX[1],1536LDV_DMSO,1536LDV[5],1536LDV_MDX[1],XYZ-819-001,9.520000000000001,uM,DMSO,4,uL,0.04760000000000001,uM
34,E10,E40,7.5,nL,100,1536LDV_MDX[1],1536LDV_DMSO,1536LDV[5],1536LDV_MDX[1],XYZ-819-001,9.520000000000001,uM,DMSO,4,uL,0.01785,uM
34,E08,F5,15,nL,100,1536LDV_MDX[1],1536LDV_DMSO,1536LDV[5],1536LDV_MDX[1],XYZ-819-001,1000,uM,DMSO,4,uL,3.75,uM
34,E08,F6,5,nL,100,1536LDV_MDX[1],1536LDV_DMSO,1536LDV[5],1536LDV_MDX[1],XYZ-819-001,1000,uM,DMSO,4,uL,1.25,uM
34,E09,F7,17.5,nL,100,1536LDV_MDX[1],1536LDV_DMSO,1536LDV[5],1536LDV_MDX[1],XYZ-819-001,100,uM,DMSO,4,uL,0.43750000000000006,uM
34,E09,F8,5,nL,100,1536LDV_MDX[1],1536LDV_DMSO,1536LDV[5],1536LDV_MDX[1],XYZ-819-001,100,uM,DMSO,4,uL,0.125,uM
34,E10,F9,20,nL,100,1536LDV_MDX[1],1536LDV_DMSO,1536LDV[5],1536LDV_MDX[1],XYZ-819-001,9.520000000000001,uM,DMSO,4,uL,0.04760000000000001,uM
34,E10,F10,7.5,nL,100,1536LDV_MDX[1],1536LDV_DMSO,1536LDV[5],1536LDV_MDX[1],XYZ-819-001,9.520000000000001,uM,DMSO,4,uL,0.01785,uM
34,E08,F15,15,nL,100,1536LDV_MDX[1],1536LDV_DMSO,1536LDV[5],1536LDV_MDX[1],XYZ-819-001,1000,uM,DMSO,4,uL,3.75,uM
34,E08,F16,5,nL,100,1536LDV_MDX[1],1536LDV_DMSO,1536LDV[5],1536LDV_MDX[1],XYZ-819-001,1000,uM,DMSO,4,uL,1.25,uM
34,E09,F17,17.5,nL,100,1536LDV_MDX[1],1536LDV_DMSO,1536LDV[5],1536LDV_MDX[1],XYZ-819-001,100,uM,DMSO,4,uL,0.43750000000000006,uM
34,E09,F18,5,nL,100,1536LDV_MDX[1],1536LDV_DMSO,1536LDV[5],1536LDV_MDX[1],XYZ-819-001,100,uM,DMSO,4,uL,0.125,uM
34,E10,F19,20,nL,100,1536LDV_MDX[1],1536LDV_DMSO,1536LDV[5],1536LDV_MDX[1],XYZ-819-001,9.520000000000001,uM,DMSO,4,uL,0.04760000000000001,uM
34,E10,F20,7.5,nL,100,1536LDV_MDX[1],1536LDV_DMSO,1536LDV[5],1536LDV_MDX[1],XYZ-819-001,9.520000000000001,uM,DMSO,4,uL,0.01785,uM
34,E11,F25,15,nL,100,1536LDV_MDX[1],1536LDV_DMSO,1536LDV[5],1536LDV_MDX[1],XYZ-823-001,1000,uM,DMSO,4,uL,3.75,uM
34,E11,F26,5,nL,100,1536LDV_MDX[1],1536LDV_DMSO,1536LDV[5],1536LDV_MDX[1],XYZ-823-001,1000,uM,DMSO,4,uL,1.25,uM
34,E12,F27,17.5,nL,100,1536LDV_MDX[1],1536LDV_DMSO,1536LDV[5],1536LDV_MDX[1],XYZ-823-001,100,uM,DMSO,4,uL,0.43750000000000006,uM
34,E12,F28,5,nL,100,1536LDV_MDX[1],1536LDV_DMSO,1536LDV[5],1536LDV_MDX[1],XYZ-823-001,100,uM,DMSO,4,uL,0.125,uM
34,E13,F29,20,nL,100,1536LDV_MDX[1],1536LDV_DMSO,1536LDV[5],1536LDV_MDX[1],XYZ-823-001,9.520000000000001,uM,DMSO,4,uL,0.04760000000000001,uM
34,E13,F30,7.5,nL,100,1536LDV_MDX[1],1536LDV_DMSO,1536LDV[5],1536LDV_MDX[1],XYZ-823-001,9.520000000000001,uM,DMSO,4,uL,0.01785,uM
34,E11,F35,15,nL,100,1536LDV_MDX[1],1536LDV_DMSO,1536LDV[5],1536LDV_MDX[1],XYZ-823-001,1000,uM,DMSO,4,uL,3.75,uM
34,E11,F36,5,nL,100,1536LDV_MDX[1],1536LDV_DMSO,1536LDV[5],1536LDV_MDX[1],XYZ-823-001,1000,uM,DMSO,4,uL,1.25,uM
34,E12,F37,17.5,nL,100,1536LDV_MDX[1],1536LDV_DMSO,1536LDV[5],1536LDV_MDX[1],XYZ-823-001,100,uM,DMSO,4,uL,0.43750000000000006,uM
34,E12,F38,5,nL,100,1536LDV_MDX[1],1536LDV_DMSO,1536LDV[5],1536LDV_MDX[1],XYZ-823-001,100,uM,DMSO,4,uL,0.125,uM
34,E13,F39,20,nL,100,1536LDV_MDX[1],1536LDV_DMSO,1536LDV[5],1536LDV_MDX[1],XYZ-823-001,9.520000000000001,uM,DMSO,4,uL,0.04760000000000001,uM
34,E13,F40,7.5,nL,100,1536LDV_MDX[1],1536LDV_DMSO,1536LDV[5],1536LDV_MDX[1],XYZ-823-001,9.520000000000001,uM,DMSO,4,uL,0.01785,uM
34,E11,G5,15,nL,100,1536LDV_MDX[1],1536LDV_DMSO,1536LDV[5],1536LDV_MDX[1],XYZ-823-001,1000,uM,DMSO,4,uL,3.75,uM
34,E11,G6,5,nL,100,1536LDV_MDX[1],1536LDV_DMSO,1536LDV[5],1536LDV_MDX[1],XYZ-823-001,1000,uM,DMSO,4,uL,1.25,uM
34,E12,G7,17.5,nL,100,1536LDV_MDX[1],1536LDV_DMSO,1536LDV[5],1536LDV_MDX[1],XYZ-823-001,100,uM,DMSO,4,uL,0.43750000000000006,uM
34,E12,G8,5,nL,100,1536LDV_MDX[1],1536LDV_DMSO,1536LDV[5],1536LDV_MDX[1],XYZ-823-001,100,uM,DMSO,4,uL,0.125,uM
34,E13,G9,20,nL,100,1536LDV_MDX[1],1536LDV_DMSO,1536LDV[5],1536LDV_MDX[1],XYZ-823-001,9.520000000000001,uM,DMSO,4,uL,0.04760000000000001,uM
34,E13,G10,7.5,nL,100,1536LDV_MDX[1],1536LDV_DMSO,1536LDV[5],1536LDV_MDX[1],XYZ-823-001,9.520000000000001,uM,DMSO,4,uL,0.01785,uM
34,E20,G15,15,nL,100,1536LDV_MDX[1],1536LDV_DMSO,1536LDV[5],1536LDV_MDX[1],XYZ-828-001,1000,uM,DMSO,4,uL,3.75,uM
34,E20,G16,5,nL,100,1536LDV_MDX[1],1536LDV_DMSO,1536LDV[5],1536LDV_MDX[1],XYZ-828-001,1000,uM,DMSO,4,uL,1.25,uM
34,E21,G17,17.5,nL,100,1536LDV_MDX[1],1536LDV_DMSO,1536LDV[5],1536LDV_MDX[1],XYZ-828-001,100,uM,DMSO,4,uL,0.43750000000000006,uM
34,E21,G18,5,nL,100,1536LDV_MDX[1],1536LDV_DMSO,1536LDV[5],1536LDV_MDX[1],XYZ-828-001,100,uM,DMSO,4,uL,0.125,uM
34,E22,G19,20,nL,100,1536LDV_MDX[1],1536LDV_DMSO,1536LDV[5],1536LDV_MDX[1],XYZ-828-001,9.520000000000001,uM,DMSO,4,uL,0.04760000000000001,uM
34,E22,G20,7.5,nL,100,1536LDV_MDX[1],1536LDV_DMSO,1536LDV[5],1536LDV_MDX[1],XYZ-828-001,9.520000000000001,uM,DMSO,4,uL,0.01785,uM
34,E20,G25,15,nL,100,1536LDV_MDX[1],1536LDV_DMSO,1536LDV[5],1536LDV_MDX[1],XYZ-828-001,1000,uM,DMSO,4,uL,3.75,uM
34,E20,G26,5,nL,100,1536LDV_MDX[1],1536LDV_DMSO,1536LDV[5],1536LDV_MDX[1],XYZ-828-001,1000,uM,DMSO,4,uL,1.25,uM
34,E21,G27,17.5,nL,100,1536LDV_MDX[1],1536LDV_DMSO,1536LDV[5],1536LDV_MDX[1],XYZ-828-001,100,uM,DMSO,4,uL,0.43750000000000006,uM
34,E21,G28,5,nL,100,1536LDV_MDX[1],1536LDV_DMSO,1536LDV[5],1536LDV_MDX[1],XYZ-828-001,100,uM,DMSO,4,uL,0.125,uM
34,E22,G29,20,nL,100,1536LDV_MDX[1],1536LDV_DMSO,1536LDV[5],1536LDV_MDX[1],XYZ-828-001,9.520000000000001,uM,DMSO,4,uL,0.04760000000000001,uM
34,E22,G30,7.5,nL,100,1536LDV_MDX[1],1536LDV_DMSO,1536LDV[5],1536LDV_MDX[1],XYZ-828-001,9.520000000000001,uM,DMSO,4,uL,0.01785,uM
34,E20,G35,15,nL,100,1536LDV_MDX[1],1536LDV_DMSO,1536LDV[5],1536LDV_MDX[1],XYZ-828-001,1000,uM,DMSO,4,uL,3.75,uM
34,E20,G36,5,nL,100,1536LDV_MDX[1],1536LDV_DMSO,1536LDV[5],1536LDV_MDX[1],XYZ-828-001,1000,uM,DMSO,4,uL,1.25,uM
34,E21,G37,17.5,nL,100,1536LDV_MDX[1],1536LDV_DMSO,1536LDV[5],1536LDV_MDX[1],XYZ-828-001,100,uM,DMSO,4,uL,0.43750000000000006,uM
34,E21,G38,5,nL,100,1536LDV_MDX[1],1536LDV_DMSO,1536LDV[5],1536LDV_MDX[1],XYZ-828-001,100,uM,DMSO,4,uL,0.125,uM
34,E22,G39,20,nL,100,1536LDV_MDX[1],1536LDV_DMSO,1536LDV[5],1536LDV_MDX[1],XYZ-828-001,9.520000000000001,uM,DMSO,4,uL,0.04760000000000001,uM
34,E22,G40,7.5,nL,100,1536LDV_MDX[1],1536LDV_DMSO,1536LDV[5],1536LDV_MDX[1],XYZ-828-001,9.520000000000001,uM,DMSO,4,uL,0.01785,uM
33,M43,N5,7.5,nL,100,1536LDV_MDX[1],1536LDV_DMSO,1536LDV[4],1536LDV_MDX[1],XYZ-12-001,2000,uM,DMSO,4,uL,3.75,uM
33,M43,N6,2.5,nL,100,1536LDV_MDX[1],1536LDV_DMSO,1536LDV[4],1536LDV_MDX[1],XYZ-12-001,2000,uM,DMSO,4,uL,1.25,uM
33,M45,N7,15,nL,100,1536LDV_MDX[1],1536LDV_DMSO,1536LDV[4],1536LDV_MDX[1],XYZ-12-001,105,uM,DMSO,4,uL,0.39375,uM
33,M45,N8,5,nL,100,1536LDV_MDX[1],1536LDV_DMSO,1536LDV[4],1536LDV_MDX[1],XYZ-12-001,105,uM,DMSO,4,uL,0.13125,uM
33,M46,N9,20,nL,100,1536LDV_MDX[1],1536LDV_DMSO,1536LDV[4],1536LDV_MDX[1],XYZ-12-001,9.520000000000001,uM,DMSO,4,uL,0.04760000000000001,uM
33,M46,N10,7.5,nL,100,1536LDV_MDX[1],1536LDV_DMSO,1536LDV[4],1536LDV_MDX[1],XYZ-12-001,9.520000000000001,uM,DMSO,4,uL,0.01785,uM
33,M43,N15,7.5,nL,100,1536LDV_MDX[1],1536LDV_DMSO,1536LDV[4],1536LDV_MDX[1],XYZ-12-001,2000,uM,DMSO,4,uL,3.75,uM
33,M43,N16,2.5,nL,100,1536LDV_MDX[1],1536LDV_DMSO,1536LDV[4],1536LDV_MDX[1],XYZ-12-001,2000,uM,DMSO,4,uL,1.25,uM
33,M45,N17,15,nL,100,1536LDV_MDX[1],1536LDV_DMSO,1536LDV[4],1536LDV_MDX[1],XYZ-12-001,105,uM,DMSO,4,uL,0.39375,uM
33,M45,N18,5,nL,100,1536LDV_MDX[1],1536LDV_DMSO,1536LDV[4],1536LDV_MDX[1],XYZ-12-001,105,uM,DMSO,4,uL,0.13125,uM
33,M46,N19,20,nL,100,1536LDV_MDX[1],1536LDV_DMSO,1536LDV[4],1536LDV_MDX[1],XYZ-12-001,9.520000000000001,uM,DMSO,4,uL,0.04760000000000001,uM
33,M46,N20,7.5,nL,100,1536LDV_MDX[1],1536LDV_DMSO,1536LDV[4],1536LDV_MDX[1],XYZ-12-001,9.520000000000001,uM,DMSO,4,uL,0.01785,uM
33,M43,N25,7.5,nL,100,1536LDV_MDX[1],1536LDV_DMSO,1536LDV[4],1536LDV_MDX[1],XYZ-12-001,2000,uM,DMSO,4,uL,3.75,uM
33,M43,N26,2.5,nL,100,1536LDV_MDX[1],1536LDV_DMSO,1536LDV[4],1536LDV_MDX[1],XYZ-12-001,2000,uM,DMSO,4,uL,1.25,uM
33,M45,N27,15,nL,100,1536LDV_MDX[1],1536LDV_DMSO,1536LDV[4],1536LDV_MDX[1],XYZ-12-001,105,uM,DMSO,4,uL,0.39375,uM
33,M45,N28,5,nL,100,1536LDV_MDX[1],1536LDV_DMSO,1536LDV[4],1536LDV_MDX[1],XYZ-12-001,105,uM,DMSO,4,uL,0.13125,uM
33,M46,N29,20,nL,100,1536LDV_MDX[1],1536LDV_DMSO,1536LDV[4],1536LDV_MDX[1],XYZ-12-001,9.520000000000001,uM,DMSO,4,uL,0.04760000000000001,uM
33,M46,N30,7.5,nL,100,1536LDV_MDX[1],1536LDV_DMSO,1536LDV[4],1536LDV_MDX[1],XYZ-12-001,9.520000000000001,uM,DMSO,4,uL,0.01785,uM
33,N07,N35,7.5,nL,100,1536LDV_MDX[1],1536LDV_DMSO,1536LDV[4],1536LDV_MDX[1],XYZ-13-001,2000,uM,DMSO,4,uL,3.75,uM
33,N07,N36,2.5,nL,100,1536LDV_MDX[1],1536LDV_DMSO,1536LDV[4],1536LDV_MDX[1],XYZ-13-001,2000,uM,DMSO,4,uL,1.25,uM
33,N09,N37,15,nL,100,1536LDV_MDX[1],1536LDV_DMSO,1536LDV[4],1536LDV_MDX[1],XYZ-13-001,105,uM,DMSO,4,uL,0.39375,uM
33,N09,N38,5,nL,100,1536LDV_MDX[1],1536LDV_DMSO,1536LDV[4],1536LDV_MDX[1],XYZ-13-001,105,uM,DMSO,4,uL,0.13125,uM
33,N10,N39,20,nL,100,1536LDV_MDX[1],1536LDV_DMSO,1536LDV[4],1536LDV_MDX[1],XYZ-13-001,9.520000000000001,uM,DMSO,4,uL,0.04760000000000001,uM
33,N10,N40,7.5,nL,100,1536LDV_MDX[1],1536LDV_DMSO,1536LDV[4],1536LDV_MDX[1],XYZ-13-001,9.520000000000001,uM,DMSO,4,uL,0.01785,uM
33,N07,O5,7.5,nL,100,1536LDV_MDX[1],1536LDV_DMSO,1536LDV[4],1536LDV_MDX[1],XYZ-13-001,2000,uM,DMSO,4,uL,3.75,uM
33,N07,O6,2.5,nL,100,1536LDV_MDX[1],1536LDV_DMSO,1536LDV[4],1536LDV_MDX[1],XYZ-13-001,2000,uM,DMSO,4,uL,1.25,uM
33,N09,O7,15,nL,100,1536LDV_MDX[1],1536LDV_DMSO,1536LDV[4],1536LDV_MDX[1],XYZ-13-001,105,uM,DMSO,4,uL,0.39375,uM
33,N09,O8,5,nL,100,1536LDV_MDX[1],1536LDV_DMSO,1536LDV[4],1536LDV_MDX[1],XYZ-13-001,105,uM,DMSO,4,uL,0.13125,uM
33,N10,O9,20,nL,100,1536LDV_MDX[1],1536LDV_DMSO,1536LDV[4],1536LDV_MDX[1],XYZ-13-001,9.520000000000001,uM,DMSO,4,uL,0.04760000000000001,uM
33,N10,O10,7.5,nL,100,1536LDV_MDX[1],1536LDV_DMSO,1536LDV[4],1536LDV_MDX[1],XYZ-13-001,9.520000000000001,uM,DMSO,4,uL,0.01785,uM
33,N07,O15,7.5,nL,100,1536LDV_MDX[1],1536LDV_DMSO,1536LDV[4],1536LDV_MDX[1],XYZ-13-001,2000,uM,DMSO,4,uL,3.75,uM
33,N07,O16,2.5,nL,100,1536LDV_MDX[1],1536LDV_DMSO,1536LDV[4],1536LDV_MDX[1],XYZ-13-001,2000,uM,DMSO,4,uL,1.25,uM
33,N09,O17,15,nL,100,1536LDV_MDX[1],1536LDV_DMSO,1536LDV[4],1536LDV_MDX[1],XYZ-13-001,105,uM,DMSO,4,uL,0.39375,uM
33,N09,O18,5,nL,100,1536LDV_MDX[1],1536LDV_DMSO,1536LDV[4],1536LDV_MDX[1],XYZ-13-001,105,uM,DMSO,4,uL,0.13125,uM
33,N10,O19,20,nL,100,1536LDV_MDX[1],1536LDV_DMSO,1536LDV[4],1536LDV_MDX[1],XYZ-13-001,9.520000000000001,uM,DMSO,4,uL,0.04760000000000001,uM
33,N10,O20,7.5,nL,100,1536LDV_MDX[1],1536LDV_DMSO,1536LDV[4],1536LDV_MDX[1],XYZ-13-001,9.520000000000001,uM,DMSO,4,uL,0.01785,uM
33,V39,O25,7.5,nL,100,1536LDV_MDX[1],1536LDV_DMSO,1536LDV[4],1536LDV_MDX[1],XYZ-146-001,2000,uM,DMSO,4,uL,3.75,uM
33,V39,O26,2.5,nL,100,1536LDV_MDX[1],1536LDV_DMSO,1536LDV[4],1536LDV_MDX[1],XYZ-146-001,2000,uM,DMSO,4,uL,1.25,uM
33,V41,O27,15,nL,100,1536LDV_MDX[1],1536LDV_DMSO,1536LDV[4],1536LDV_MDX[1],XYZ-146-001,105,uM,DMSO,4,uL,0.39375,uM
33,V41,O28,5,nL,100,1536LDV_MDX[1],1536LDV_DMSO,1536LDV[4],1536LDV_MDX[1],XYZ-146-001,105,uM,DMSO,4,uL,0.13125,uM
33,V42,O29,20,nL,100,1536LDV_MDX[1],1536LDV_DMSO,1536LDV[4],1536LDV_MDX[1],XYZ-146-001,9.520000000000001,uM,DMSO,4,uL,0.04760000000000001,uM
33,V42,O30,7.5,nL,100,1536LDV_MDX[1],1536LDV_DMSO,1536LDV[4],1536LDV_MDX[1],XYZ-146-001,9.520000000000001,uM,DMSO,4,uL,0.01785,uM
33,V39,O35,7.5,nL,100,1536LDV_MDX[1],1536LDV_DMSO,1536LDV[4],1536LDV_MDX[1],XYZ-146-001,2000,uM,DMSO,4,uL,3.75,uM
33,V39,O36,2.5,nL,100,1536LDV_MDX[1],1536LDV_DMSO,1536LDV[4],1536LDV_MDX[1],XYZ-146-001,2000,uM,DMSO,4,uL,1.25,uM
33,V41,O37,15,nL,100,1536LDV_MDX[1],1536LDV_DMSO,1536LDV[4],1536LDV_MDX[1],XYZ-146-001,105,uM,DMSO,4,uL,0.39375,uM
33,V41,O38,5,nL,100,1536LDV_MDX[1],1536LDV_DMSO,1536LDV[4],1536LDV_MDX[1],XYZ-146-001,105,uM,DMSO,4,uL,0.13125,uM
33,V42,O39,20,nL,100,1536LDV_MDX[1],1536LDV_DMSO,1536LDV[4],1536LDV_MDX[1],XYZ-146-001,9.520000000000001,uM,DMSO,4,uL,0.04760000000000001,uM
33,V42,O40,7.5,nL,100,1536LDV_MDX[1],1536LDV_DMSO,1536LDV[4],1536LDV_MDX[1],XYZ-146-001,9.520000000000001,uM,DMSO,4,uL,0.01785,uM
33,V39,P5,7.5,nL,100,1536LDV_MDX[1],1536LDV_DMSO,1536LDV[4],1536LDV_MDX[1],XYZ-146-001,2000,uM,DMSO,4,uL,3.75,uM
33,V39,P6,2.5,nL,100,1536LDV_MDX[1],1536LDV_DMSO,1536LDV[4],1536LDV_MDX[1],XYZ-146-001,2000,uM,DMSO,4,uL,1.25,uM
33,V41,P7,15,nL,100,1536LDV_MDX[1],1536LDV_DMSO,1536LDV[4],1536LDV_MDX[1],XYZ-146-001,105,uM,DMSO,4,uL,0.39375,uM
33,V41,P8,5,nL,100,1536LDV_MDX[1],1536LDV_DMSO,1536LDV[4],1536LDV_MDX[1],XYZ-146-001,105,uM,DMSO,4,uL,0.13125,uM
33,V42,P9,20,nL,100,1536LDV_MDX[1],1536LDV_DMSO,1536LDV[4],1536LDV_MDX[1],XYZ-146-001,9.520000000000001,uM,DMSO,4,uL,0.04760000000000001,uM
33,V42,P10,7.5,nL,100,1536LDV_MDX[1],1536LDV_DMSO,1536LDV[4],1536LDV_MDX[1],XYZ-146-001,9.520000000000001,uM,DMSO,4,uL,0.01785,uM
33,O07,P15,7.5,nL,100,1536LDV_MDX[1],1536LDV_DMSO,1536LDV[4],1536LDV_MDX[1],XYZ-16-001,2000,uM,DMSO,4,uL,3.75,uM
33,O07,P16,2.5,nL,100,1536LDV_MDX[1],1536LDV_DMSO,1536LDV[4],1536LDV_MDX[1],XYZ-16-001,2000,uM,DMSO,4,uL,1.25,uM
33,O09,P17,15,nL,100,1536LDV_MDX[1],1536LDV_DMSO,1536LDV[4],1536LDV_MDX[1],XYZ-16-001,105,uM,DMSO,4,uL,0.39375,uM
33,O09,P18,5,nL,100,1536LDV_MDX[1],1536LDV_DMSO,1536LDV[4],1536LDV_MDX[1],XYZ-16-001,105,uM,DMSO,4,uL,0.13125,uM
33,O10,P19,20,nL,100,1536LDV_MDX[1],1536LDV_DMSO,1536LDV[4],1536LDV_MDX[1],XYZ-16-001,9.520000000000001,uM,DMSO,4,uL,0.04760000000000001,uM
33,O10,P20,7.5,nL,100,1536LDV_MDX[1],1536LDV_DMSO,1536LDV[4],1536LDV_MDX[1],XYZ-16-001,9.520000000000001,uM,DMSO,4,uL,0.01785,uM
33,O07,P25,7.5,nL,100,1536LDV_MDX[1],1536LDV_DMSO,1536LDV[4],1536LDV_MDX[1],XYZ-16-001,2000,uM,DMSO,4,uL,3.75,uM
33,O07,P26,2.5,nL,100,1536LDV_MDX[1],1536LDV_DMSO,1536LDV[4],1536LDV_MDX[1],XYZ-16-001,2000,uM,DMSO,4,uL,1.25,uM
33,O09,P27,15,nL,100,1536LDV_MDX[1],1536LDV_DMSO,1536LDV[4],1536LDV_MDX[1],XYZ-16-001,105,uM,DMSO,4,uL,0.39375,uM
33,O09,P28,5,nL,100,1536LDV_MDX[1],1536LDV_DMSO,1536LDV[4],1536LDV_MDX[1],XYZ-16-001,105,uM,DMSO,4,uL,0.13125,uM
33,O10,P29,20,nL,100,1536LDV_MDX[1],1536LDV_DMSO,1536LDV[4],1536LDV_MDX[1],XYZ-16-001,9.520000000000001,uM,DMSO,4,uL,0.04760000000000001,uM
33,O10,P30,7.5,nL,100,1536LDV_MDX[1],1536LDV_DMSO,1536LDV[4],1536LDV_MDX[1],XYZ-16-001,9.520000000000001,uM,DMSO,4,uL,0.01785,uM
33,O07,P35,7.5,nL,100,1536LDV_MDX[1],1536LDV_DMSO,1536LDV[4],1536LDV_MDX[1],XYZ-16-001,2000,uM,DMSO,4,uL,3.75,uM
33,O07,P36,2.5,nL,100,1536LDV_MDX[1],1536LDV_DMSO,1536LDV[4],1536LDV_MDX[1],XYZ-16-001,2000,uM,DMSO,4,uL,1.25,uM
33,O09,P37,15,nL,100,1536LDV_MDX[1],1536LDV_DMSO,1536LDV[4],1536LDV_MDX[1],XYZ-16-001,105,uM,DMSO,4,uL,0.39375,uM
33,O09,P38,5,nL,100,1536LDV_MDX[1],1536LDV_DMSO,1536LDV[4],1536LDV_MDX[1],XYZ-16-001,105,uM,DMSO,4,uL,0.13125,uM
33,O10,P39,20,nL,100,1536LDV_MDX[1],1536LDV_DMSO,1536LDV[4],1536LDV_MDX[1],XYZ-16-001,9.520000000000001,uM,DMSO,4,uL,0.04760000000000001,uM
33,O10,P40,7.5,nL,100,1536LDV_MDX[1],1536LDV_DMSO,1536LDV[4],1536LDV_MDX[1],XYZ-16-001,9.520000000000001,uM,DMSO,4,uL,0.01785,uM
33,Y19,Q5,7.5,nL,100,1536LDV_MDX[1],1536LDV_DMSO,1536LDV[4],1536LDV_MDX[1],XYZ-168-001,2000,uM,DMSO,4,uL,3.75,uM
33,Y19,Q6,2.5,nL,100,1536LDV_MDX[1],1536LDV_DMSO,1536LDV[4],1536LDV_MDX[1],XYZ-168-001,2000,uM,DMSO,4,uL,1.25,uM
33,Y21,Q7,15,nL,100,1536LDV_MDX[1],1536LDV_DMSO,1536LDV[4],1536LDV_MDX[1],XYZ-168-001,105,uM,DMSO,4,uL,0.39375,uM
33,Y21,Q8,5,nL,100,1536LDV_MDX[1],1536LDV_DMSO,1536LDV[4],1536LDV_MDX[1],XYZ-168-001,105,uM,DMSO,4,uL,0.13125,uM
33,Y22,Q9,20,nL,100,1536LDV_MDX[1],1536LDV_DMSO,1536LDV[4],1536LDV_MDX[1],XYZ-168-001,9.520000000000001,uM,DMSO,4,uL,0.04760000000000001,uM
33,Y22,Q10,7.5,nL,100,1536LDV_MDX[1],1536LDV_DMSO,1536LDV[4],1536LDV_MDX[1],XYZ-168-001,9.520000000000001,uM,DMSO,4,uL,0.01785,uM
33,Y19,Q15,7.5,nL,100,1536LDV_MDX[1],1536LDV_DMSO,1536LDV[4],1536LDV_MDX[1],XYZ-168-001,2000,uM,DMSO,4,uL,3.75,uM
33,Y19,Q16,2.5,nL,100,1536LDV_MDX[1],1536LDV_DMSO,1536LDV[4],1536LDV_MDX[1],XYZ-168-001,2000,uM,DMSO,4,uL,1.25,uM
33,Y21,Q17,15,nL,100,1536LDV_MDX[1],1536LDV_DMSO,1536LDV[4],1536LDV_MDX[1],XYZ-168-001,105,uM,DMSO,4,uL,0.39375,uM
33,Y21,Q18,5,nL,100,1536LDV_MDX[1],1536LDV_DMSO,1536LDV[4],1536LDV_MDX[1],XYZ-168-001,105,uM,DMSO,4,uL,0.13125,uM
33,Y22,Q19,20,nL,100,1536LDV_MDX[1],1536LDV_DMSO,1536LDV[4],1536LDV_MDX[1],XYZ-168-001,9.520000000000001,uM,DMSO,4,uL,0.04760000000000001,uM
33,Y22,Q20,7.5,nL,100,1536LDV_MDX[1],1536LDV_DMSO,1536LDV[4],1536LDV_MDX[1],XYZ-168-001,9.520000000000001,uM,DMSO,4,uL,0.01785,uM
33,Y19,Q25,7.5,nL,100,1536LDV_MDX[1],1536LDV_DMSO,1536LDV[4],1536LDV_MDX[1],XYZ-168-001,2000,uM,DMSO,4,uL,3.75,uM
33,Y19,Q26,2.5,nL,100,1536LDV_MDX[1],1536LDV_DMSO,1536LDV[4],1536LDV_MDX[1],XYZ-168-001,2000,uM,DMSO,4,uL,1.25,uM
33,Y21,Q27,15,nL,100,1536LDV_MDX[1],1536LDV_DMSO,1536LDV[4],1536LDV_MDX[1],XYZ-168-001,105,uM,DMSO,4,uL,0.39375,uM
33,Y21,Q28,5,nL,100,1536LDV_MDX[1],1536LDV_DMSO,1536LDV[4],1536LDV_MDX[1],XYZ-168-001,105,uM,DMSO,4,uL,0.13125,uM
33,Y22,Q29,20,nL,100,1536LDV_MDX[1],1536LDV_DMSO,1536LDV[4],1536LDV_MDX[1],XYZ-168-001,9.520000000000001,uM,DMSO,4,uL,0.04760000000000001,uM
33,Y22,Q30,7.5,nL,100,1536LDV_MDX[1],1536LDV_DMSO,1536LDV[4],1536LDV_MDX[1],XYZ-168-001,9.520000000000001,uM,DMSO,4,uL,0.01785,uM
33,O19,Q35,7.5,nL,100,1536LDV_MDX[1],1536LDV_DMSO,1536LDV[4],1536LDV_MDX[1],XYZ-17-001,2000,uM,DMSO,4,uL,3.75,uM
33,O19,Q36,2.5,nL,100,1536LDV_MDX[1],1536LDV_DMSO,1536LDV[4],1536LDV_MDX[1],XYZ-17-001,2000,uM,DMSO,4,uL,1.25,uM
33,O21,Q37,15,nL,100,1536LDV_MDX[1],1536LDV_DMSO,1536LDV[4],1536LDV_MDX[1],XYZ-17-001,105,uM,DMSO,4,uL,0.39375,uM
33,O21,Q38,5,nL,100,1536LDV_MDX[1],1536LDV_DMSO,1536LDV[4],1536LDV_MDX[1],XYZ-17-001,105,uM,DMSO,4,uL,0.13125,uM
33,O22,Q39,20,nL,100,1536LDV_MDX[1],1536LDV_DMSO,1536LDV[4],1536LDV_MDX[1],XYZ-17-001,9.520000000000001,uM,DMSO,4,uL,0.04760000000000001,uM
33,O22,Q40,7.5,nL,100,1536LDV_MDX[1],1536LDV_DMSO,1536LDV[4],1536LDV_MDX[1],XYZ-17-001,9.520000000000001,uM,DMSO,4,uL,0.01785,uM
33,O19,R5,7.5,nL,100,1536LDV_MDX[1],1536LDV_DMSO,1536LDV[4],1536LDV_MDX[1],XYZ-17-001,2000,uM,DMSO,4,uL,3.75,uM
33,O19,R6,2.5,nL,100,1536LDV_MDX[1],1536LDV_DMSO,1536LDV[4],1536LDV_MDX[1],XYZ-17-001,2000,uM,DMSO,4,uL,1.25,uM
33,O21,R7,15,nL,100,1536LDV_MDX[1],1536LDV_DMSO,1536LDV[4],1536LDV_MDX[1],XYZ-17-001,105,uM,DMSO,4,uL,0.39375,uM
33,O21,R8,5,nL,100,1536LDV_MDX[1],1536LDV_DMSO,1536LDV[4],1536LDV_MDX[1],XYZ-17-001,105,uM,DMSO,4,uL,0.13125,uM
33,O22,R9,20,nL,100,1536LDV_MDX[1],1536LDV_DMSO,1536LDV[4],1536LDV_MDX[1],XYZ-17-001,9.520000000000001,uM,DMSO,4,uL,0.04760000000000001,uM
33,O22,R10,7.5,nL,100,1536LDV_MDX[1],1536LDV_DMSO,1536LDV[4],1536LDV_MDX[1],XYZ-17-001,9.520000000000001,uM,DMSO,4,uL,0.01785,uM
33,O19,R15,7.5,nL,100,1536LDV_MDX[1],1536LDV_DMSO,1536LDV[4],1536LDV_MDX[1],XYZ-17-001,2000,uM,DMSO,4,uL,3.75,uM
33,O19,R16,2.5,nL,100,1536LDV_MDX[1],1536LDV_DMSO,1536LDV[4],1536LDV_MDX[1],XYZ-17-001,2000,uM,DMSO,4,uL,1.25,uM
33,O21,R17,15,nL,100,1536LDV_MDX[1],1536LDV_DMSO,1536LDV[4],1536LDV_MDX[1],XYZ-17-001,105,uM,DMSO,4,uL,0.39375,uM
33,O21,R18,5,nL,100,1536LDV_MDX[1],1536LDV_DMSO,1536LDV[4],1536LDV_MDX[1],XYZ-17-001,105,uM,DMSO,4,uL,0.13125,uM
33,O22,R19,20,nL,100,1536LDV_MDX[1],1536LDV_DMSO,1536LDV[4],1536LDV_MDX[1],XYZ-17-001,9.520000000000001,uM,DMSO,4,uL,0.04760000000000001,uM
33,O22,R20,7.5,nL,100,1536LDV_MDX[1],1536LDV_DMSO,1536LDV[4],1536LDV_MDX[1],XYZ-17-001,9.520000000000001,uM,DMSO,4,uL,0.01785,uM
33,Y27,R25,7.5,nL,100,1536LDV_MDX[1],1536LDV_DMSO,1536LDV[4],1536LDV_MDX[1],XYZ-170-001,2000,uM,DMSO,4,uL,3.75,uM
33,Y27,R26,2.5,nL,100,1536LDV_MDX[1],1536LDV_DMSO,1536LDV[4],1536LDV_MDX[1],XYZ-170-001,2000,uM,DMSO,4,uL,1.25,uM
33,Y29,R27,15,nL,100,1536LDV_MDX[1],1536LDV_DMSO,1536LDV[4],1536LDV_MDX[1],XYZ-170-001,105,uM,DMSO,4,uL,0.39375,uM
33,Y29,R28,5,nL,100,1536LDV_MDX[1],1536LDV_DMSO,1536LDV[4],1536LDV_MDX[1],XYZ-170-001,105,uM,DMSO,4,uL,0.13125,uM
33,Y30,R29,20,nL,100,1536LDV_MDX[1],1536LDV_DMSO,1536LDV[4],1536LDV_MDX[1],XYZ-170-001,9.520000000000001,uM,DMSO,4,uL,0.04760000000000001,uM
33,Y30,R30,7.5,nL,100,1536LDV_MDX[1],1536LDV_DMSO,1536LDV[4],1536LDV_MDX[1],XYZ-170-001,9.520000000000001,uM,DMSO,4,uL,0.01785,uM
33,Y27,R35,7.5,nL,100,1536LDV_MDX[1],1536LDV_DMSO,1536LDV[4],1536LDV_MDX[1],XYZ-170-001,2000,uM,DMSO,4,uL,3.75,uM
33,Y27,R36,2.5,nL,100,1536LDV_MDX[1],1536LDV_DMSO,1536LDV[4],1536LDV_MDX[1],XYZ-170-001,2000,uM,DMSO,4,uL,1.25,uM
33,Y29,R37,15,nL,100,1536LDV_MDX[1],1536LDV_DMSO,1536LDV[4],1536LDV_MDX[1],XYZ-170-001,105,uM,DMSO,4,uL,0.39375,uM
33,Y29,R38,5,nL,100,1536LDV_MDX[1],1536LDV_DMSO,1536LDV[4],1536LDV_MDX[1],XYZ-170-001,105,uM,DMSO,4,uL,0.13125,uM
33,Y30,R39,20,nL,100,1536LDV_MDX[1],1536LDV_DMSO,1536LDV[4],1536LDV_MDX[1],XYZ-170-001,9.520000000000001,uM,DMSO,4,uL,0.04760000000000001,uM
33,Y30,R40,7.5,nL,100,1536LDV_MDX[1],1536LDV_DMSO,1536LDV[4],1536LDV_MDX[1],XYZ-170-001,9.520000000000001,uM,DMSO,4,uL,0.01785,uM
33,Y27,S5,7.5,nL,100,1536LDV_MDX[1],1536LDV_DMSO,1536LDV[4],1536LDV_MDX[1],XYZ-170-001,2000,uM,DMSO,4,uL,3.75,uM
33,Y27,S6,2.5,nL,100,1536LDV_MDX[1],1536LDV_DMSO,1536LDV[4],1536LDV_MDX[1],XYZ-170-001,2000,uM,DMSO,4,uL,1.25,uM
33,Y29,S7,15,nL,100,1536LDV_MDX[1],1536LDV_DMSO,1536LDV[4],1536LDV_MDX[1],XYZ-170-001,105,uM,DMSO,4,uL,0.39375,uM
33,Y29,S8,5,nL,100,1536LDV_MDX[1],1536LDV_DMSO,1536LDV[4],1536LDV_MDX[1],XYZ-170-001,105,uM,DMSO,4,uL,0.13125,uM
33,Y30,S9,20,nL,100,1536LDV_MDX[1],1536LDV_DMSO,1536LDV[4],1536LDV_MDX[1],XYZ-170-001,9.520000000000001,uM,DMSO,4,uL,0.04760000000000001,uM
33,Y30,S10,7.5,nL,100,1536LDV_MDX[1],1536LDV_DMSO,1536LDV[4],1536LDV_MDX[1],XYZ-170-001,9.520000000000001,uM,DMSO,4,uL,0.01785,uM
33,O39,S15,7.5,nL,100,1536LDV_MDX[1],1536LDV_DMSO,1536LDV[4],1536LDV_MDX[1],XYZ-18-001,2000,uM,DMSO,4,uL,3.75,uM
33,O39,S16,2.5,nL,100,1536LDV_MDX[1],1536LDV_DMSO,1536LDV[4],1536LDV_MDX[1],XYZ-18-001,2000,uM,DMSO,4,uL,1.25,uM
33,O41,S17,15,nL,100,1536LDV_MDX[1],1536LDV_DMSO,1536LDV[4],1536LDV_MDX[1],XYZ-18-001,105,uM,DMSO,4,uL,0.39375,uM
33,O41,S18,5,nL,100,1536LDV_MDX[1],1536LDV_DMSO,1536LDV[4],1536LDV_MDX[1],XYZ-18-001,105,uM,DMSO,4,uL,0.13125,uM
33,O42,S19,20,nL,100,1536LDV_MDX[1],1536LDV_DMSO,1536LDV[4],1536LDV_MDX[1],XYZ-18-001,9.520000000000001,uM,DMSO,4,uL,0.04760000000000001,uM
33,O42,S20,7.5,nL,100,1536LDV_MDX[1],1536LDV_DMSO,1536LDV[4],1536LDV_MDX[1],XYZ-18-001,9.520000000000001,uM,DMSO,4,uL,0.01785,uM
33,O39,S25,7.5,nL,100,1536LDV_MDX[1],1536LDV_DMSO,1536LDV[4],1536LDV_MDX[1],XYZ-18-001,2000,uM,DMSO,4,uL,3.75,uM
33,O39,S26,2.5,nL,100,1536LDV_MDX[1],1536LDV_DMSO,1536LDV[4],1536LDV_MDX[1],XYZ-18-001,2000,uM,DMSO,4,uL,1.25,uM
33,O41,S27,15,nL,100,1536LDV_MDX[1],1536LDV_DMSO,1536LDV[4],1536LDV_MDX[1],XYZ-18-001,105,uM,DMSO,4,uL,0.39375,uM
33,O41,S28,5,nL,100,1536LDV_MDX[1],1536LDV_DMSO,1536LDV[4],1536LDV_MDX[1],XYZ-18-001,105,uM,DMSO,4,uL,0.13125,uM
33,O42,S29,20,nL,100,1536LDV_MDX[1],1536LDV_DMSO,1536LDV[4],1536LDV_MDX[1],XYZ-18-001,9.520000000000001,uM,DMSO,4,uL,0.04760000000000001,uM
33,O42,S30,7.5,nL,100,1536LDV_MDX[1],1536LDV_DMSO,1536LDV[4],1536LDV_MDX[1],XYZ-18-001,9.520000000000001,uM,DMSO,4,uL,0.01785,uM
33,O39,S35,7.5,nL,100,1536LDV_MDX[1],1536LDV_DMSO,1536LDV[4],1536LDV_MDX[1],XYZ-18-001,2000,uM,DMSO,4,uL,3.75,uM
33,O39,S36,2.5,nL,100,1536LDV_MDX[1],1536LDV_DMSO,1536LDV[4],1536LDV_MDX[1],XYZ-18-001,2000,uM,DMSO,4,uL,1.25,uM
33,O41,S37,15,nL,100,1536LDV_MDX[1],1536LDV_DMSO,1536LDV[4],1536LDV_MDX[1],XYZ-18-001,105,uM,DMSO,4,uL,0.39375,uM
33,O41,S38,5,nL,100,1536LDV_MDX[1],1536LDV_DMSO,1536LDV[4],1536LDV_MDX[1],XYZ-18-001,105,uM,DMSO,4,uL,0.13125,uM
33,O42,S39,20,nL,100,1536LDV_MDX[1],1536LDV_DMSO,1536LDV[4],1536LDV_MDX[1],XYZ-18-001,9.520000000000001,uM,DMSO,4,uL,0.04760000000000001,uM
33,O42,S40,7.5,nL,100,1536LDV_MDX[1],1536LDV_DMSO,1536LDV[4],1536LDV_MDX[1],XYZ-18-001,9.520000000000001,uM,DMSO,4,uL,0.01785,uM
33,P07,T5,7.5,nL,100,1536LDV_MDX[1],1536LDV_DMSO,1536LDV[4],1536LDV_MDX[1],XYZ-19-001,2000,uM,DMSO,4,uL,3.75,uM
33,P07,T6,2.5,nL,100,1536LDV_MDX[1],1536LDV_DMSO,1536LDV[4],1536LDV_MDX[1],XYZ-19-001,2000,uM,DMSO,4,uL,1.25,uM
33,P09,T7,15,nL,100,1536LDV_MDX[1],1536LDV_DMSO,1536LDV[4],1536LDV_MDX[1],XYZ-19-001,105,uM,DMSO,4,uL,0.39375,uM
33,P09,T8,5,nL,100,1536LDV_MDX[1],1536LDV_DMSO,1536LDV[4],1536LDV_MDX[1],XYZ-19-001,105,uM,DMSO,4,uL,0.13125,uM
33,P10,T9,20,nL,100,1536LDV_MDX[1],1536LDV_DMSO,1536LDV[4],1536LDV_MDX[1],XYZ-19-001,9.520000000000001,uM,DMSO,4,uL,0.04760000000000001,uM
33,P10,T10,7.5,nL,100,1536LDV_MDX[1],1536LDV_DMSO,1536LDV[4],1536LDV_MDX[1],XYZ-19-001,9.520000000000001,uM,DMSO,4,uL,0.01785,uM
33,P07,T15,7.5,nL,100,1536LDV_MDX[1],1536LDV_DMSO,1536LDV[4],1536LDV_MDX[1],XYZ-19-001,2000,uM,DMSO,4,uL,3.75,uM
33,P07,T16,2.5,nL,100,1536LDV_MDX[1],1536LDV_DMSO,1536LDV[4],1536LDV_MDX[1],XYZ-19-001,2000,uM,DMSO,4,uL,1.25,uM
33,P09,T17,15,nL,100,1536LDV_MDX[1],1536LDV_DMSO,1536LDV[4],1536LDV_MDX[1],XYZ-19-001,105,uM,DMSO,4,uL,0.39375,uM
33,P09,T18,5,nL,100,1536LDV_MDX[1],1536LDV_DMSO,1536LDV[4],1536LDV_MDX[1],XYZ-19-001,105,uM,DMSO,4,uL,0.13125,uM
33,P10,T19,20,nL,100,1536LDV_MDX[1],1536LDV_DMSO,1536LDV[4],1536LDV_MDX[1],XYZ-19-001,9.520000000000001,uM,DMSO,4,uL,0.04760000000000001,uM
33,P10,T20,7.5,nL,100,1536LDV_MDX[1],1536LDV_DMSO,1536LDV[4],1536LDV_MDX[1],XYZ-19-001,9.520000000000001,uM,DMSO,4,uL,0.01785,uM
33,P07,T25,7.5,nL,100,1536LDV_MDX[1],1536LDV_DMSO,1536LDV[4],1536LDV_MDX[1],XYZ-19-001,2000,uM,DMSO,4,uL,3.75,uM
33,P07,T26,2.5,nL,100,1536LDV_MDX[1],1536LDV_DMSO,1536LDV[4],1536LDV_MDX[1],XYZ-19-001,2000,uM,DMSO,4,uL,1.25,uM
33,P09,T27,15,nL,100,1536LDV_MDX[1],1536LDV_DMSO,1536LDV[4],1536LDV_MDX[1],XYZ-19-001,105,uM,DMSO,4,uL,0.39375,uM
33,P09,T28,5,nL,100,1536LDV_MDX[1],1536LDV_DMSO,1536LDV[4],1536LDV_MDX[1],XYZ-19-001,105,uM,DMSO,4,uL,0.13125,uM
33,P10,T29,20,nL,100,1536LDV_MDX[1],1536LDV_DMSO,1536LDV[4],1536LDV_MDX[1],XYZ-19-001,9.520000000000001,uM,DMSO,4,uL,0.04760000000000001,uM
33,P10,T30,7.5,nL,100,1536LDV_MDX[1],1536LDV_DMSO,1536LDV[4],1536LDV_MDX[1],XYZ-19-001,9.520000000000001,uM,DMSO,4,uL,0.01785,uM
33,P15,T35,7.5,nL,100,1536LDV_MDX[1],1536LDV_DMSO,1536LDV[4],1536LDV_MDX[1],XYZ-20-001,2000,uM,DMSO,4,uL,3.75,uM
33,P15,T36,2.5,nL,100,1536LDV_MDX[1],1536LDV_DMSO,1536LDV[4],1536LDV_MDX[1],XYZ-20-001,2000,uM,DMSO,4,uL,1.25,uM
33,P17,T37,15,nL,100,1536LDV_MDX[1],1536LDV_DMSO,1536LDV[4],1536LDV_MDX[1],XYZ-20-001,105,uM,DMSO,4,uL,0.39375,uM
33,P17,T38,5,nL,100,1536LDV_MDX[1],1536LDV_DMSO,1536LDV[4],1536LDV_MDX[1],XYZ-20-001,105,uM,DMSO,4,uL,0.13125,uM
33,P18,T39,20,nL,100,1536LDV_MDX[1],1536LDV_DMSO,1536LDV[4],1536LDV_MDX[1],XYZ-20-001,9.520000000000001,uM,DMSO,4,uL,0.04760000000000001,uM
33,P18,T40,7.5,nL,100,1536LDV_MDX[1],1536LDV_DMSO,1536LDV[4],1536LDV_MDX[1],XYZ-20-001,9.520000000000001,uM,DMSO,4,uL,0.01785,uM
33,P15,U5,7.5,nL,100,1536LDV_MDX[1],1536LDV_DMSO,1536LDV[4],1536LDV_MDX[1],XYZ-20-001,2000,uM,DMSO,4,uL,3.75,uM
33,P15,U6,2.5,nL,100,1536LDV_MDX[1],1536LDV_DMSO,1536LDV[4],1536LDV_MDX[1],XYZ-20-001,2000,uM,DMSO,4,uL,1.25,uM
33,P17,U7,15,nL,100,1536LDV_MDX[1],1536LDV_DMSO,1536LDV[4],1536LDV_MDX[1],XYZ-20-001,105,uM,DMSO,4,uL,0.39375,uM
33,P17,U8,5,nL,100,1536LDV_MDX[1],1536LDV_DMSO,1536LDV[4],1536LDV_MDX[1],XYZ-20-001,105,uM,DMSO,4,uL,0.13125,uM
33,P18,U9,20,nL,100,1536LDV_MDX[1],1536LDV_DMSO,1536LDV[4],1536LDV_MDX[1],XYZ-20-001,9.520000000000001,uM,DMSO,4,uL,0.04760000000000001,uM
33,P18,U10,7.5,nL,100,1536LDV_MDX[1],1536LDV_DMSO,1536LDV[4],1536LDV_MDX[1],XYZ-20-001,9.520000000000001,uM,DMSO,4,uL,0.01785,uM
33,P15,U15,7.5,nL,100,1536LDV_MDX[1],1536LDV_DMSO,1536LDV[4],1536LDV_MDX[1],XYZ-20-001,2000,uM,DMSO,4,uL,3.75,uM
33,P15,U16,2.5,nL,100,1536LDV_MDX[1],1536LDV_DMSO,1536LDV[4],1536LDV_MDX[1],XYZ-20-001,2000,uM,DMSO,4,uL,1.25,uM
33,P17,U17,15,nL,100,1536LDV_MDX[1],1536LDV_DMSO,1536LDV[4],1536LDV_MDX[1],XYZ-20-001,105,uM,DMSO,4,uL,0.39375,uM
33,P17,U18,5,nL,100,1536LDV_MDX[1],1536LDV_DMSO,1536LDV[4],1536LDV_MDX[1],XYZ-20-001,105,uM,DMSO,4,uL,0.13125,uM
33,P18,U19,20,nL,100,1536LDV_MDX[1],1536LDV_DMSO,1536LDV[4],1536LDV_MDX[1],XYZ-20-001,9.520000000000001,uM,DMSO,4,uL,0.04760000000000001,uM
33,P18,U20,7.5,nL,100,1536LDV_MDX[1],1536LDV_DMSO,1536LDV[4],1536LDV_MDX[1],XYZ-20-001,9.520000000000001,uM,DMSO,4,uL,0.01785,uM
33,AA31,U25,7.5,nL,100,1536LDV_MDX[1],1536LDV_DMSO,1536LDV[4],1536LDV_MDX[1],XYZ-211-001,2000,uM,DMSO,4,uL,3.75,uM
33,AA31,U26,2.5,nL,100,1536LDV_MDX[1],1536LDV_DMSO,1536LDV[4],1536LDV_MDX[1],XYZ-211-001,2000,uM,DMSO,4,uL,1.25,uM
33,AA33,U27,15,nL,100,1536LDV_MDX[1],1536LDV_DMSO,1536LDV[4],1536LDV_MDX[1],XYZ-211-001,105,uM,DMSO,4,uL,0.39375,uM
33,AA33,U28,5,nL,100,1536LDV_MDX[1],1536LDV_DMSO,1536LDV[4],1536LDV_MDX[1],XYZ-211-001,105,uM,DMSO,4,uL,0.13125,uM
33,AA34,U29,20,nL,100,1536LDV_MDX[1],1536LDV_DMSO,1536LDV[4],1536LDV_MDX[1],XYZ-211-001,9.520000000000001,uM,DMSO,4,uL,0.04760000000000001,uM
33,AA34,U30,7.5,nL,100,1536LDV_MDX[1],1536LDV_DMSO,1536LDV[4],1536LDV_MDX[1],XYZ-211-001,9.520000000000001,uM,DMSO,4,uL,0.01785,uM
33,AA31,U35,7.5,nL,100,1536LDV_MDX[1],1536LDV_DMSO,1536LDV[4],1536LDV_MDX[1],XYZ-211-001,2000,uM,DMSO,4,uL,3.75,uM
33,AA31,U36,2.5,nL,100,1536LDV_MDX[1],1536LDV_DMSO,1536LDV[4],1536LDV_MDX[1],XYZ-211-001,2000,uM,DMSO,4,uL,1.25,uM
33,AA33,U37,15,nL,100,1536LDV_MDX[1],1536LDV_DMSO,1536LDV[4],1536LDV_MDX[1],XYZ-211-001,105,uM,DMSO,4,uL,0.39375,uM
33,AA33,U38,5,nL,100,1536LDV_MDX[1],1536LDV_DMSO,1536LDV[4],1536LDV_MDX[1],XYZ-211-001,105,uM,DMSO,4,uL,0.13125,uM
33,AA34,U39,20,nL,100,1536LDV_MDX[1],1536LDV_DMSO,1536LDV[4],1536LDV_MDX[1],XYZ-211-001,9.520000000000001,uM,DMSO,4,uL,0.04760000000000001,uM
33,AA34,U40,7.5,nL,100,1536LDV_MDX[1],1536LDV_DMSO,1536LDV[4],1536LDV_MDX[1],XYZ-211-001,9.520000000000001,uM,DMSO,4,uL,0.01785,uM
33,AA31,V5,7.5,nL,100,1536LDV_MDX[1],1536LDV_DMSO,1536LDV[4],1536LDV_MDX[1],XYZ-211-001,2000,uM,DMSO,4,uL,3.75,uM
33,AA31,V6,2.5,nL,100,1536LDV_MDX[1],1536LDV_DMSO,1536LDV[4],1536LDV_MDX[1],XYZ-211-001,2000,uM,DMSO,4,uL,1.25,uM
33,AA33,V7,15,nL,100,1536LDV_MDX[1],1536LDV_DMSO,1536LDV[4],1536LDV_MDX[1],XYZ-211-001,105,uM,DMSO,4,uL,0.39375,uM
33,AA33,V8,5,nL,100,1536LDV_MDX[1],1536LDV_DMSO,1536LDV[4],1536LDV_MDX[1],XYZ-211-001,105,uM,DMSO,4,uL,0.13125,uM
33,AA34,V9,20,nL,100,1536LDV_MDX[1],1536LDV_DMSO,1536LDV[4],1536LDV_MDX[1],XYZ-211-001,9.520000000000001,uM,DMSO,4,uL,0.04760000000000001,uM
33,AA34,V10,7.5,nL,100,1536LDV_MDX[1],1536LDV_DMSO,1536LDV[4],1536LDV_MDX[1],XYZ-211-001,9.520000000000001,uM,DMSO,4,uL,0.01785,uM
33,AB27,V15,7.5,nL,100,1536LDV_MDX[1],1536LDV_DMSO,1536LDV[4],1536LDV_MDX[1],XYZ-267-001,2000,uM,DMSO,4,uL,3.75,uM
33,AB27,V16,2.5,nL,100,1536LDV_MDX[1],1536LDV_DMSO,1536LDV[4],1536LDV_MDX[1],XYZ-267-001,2000,uM,DMSO,4,uL,1.25,uM
33,AB29,V17,15,nL,100,1536LDV_MDX[1],1536LDV_DMSO,1536LDV[4],1536LDV_MDX[1],XYZ-267-001,105,uM,DMSO,4,uL,0.39375,uM
33,AB29,V18,5,nL,100,1536LDV_MDX[1],1536LDV_DMSO,1536LDV[4],1536LDV_MDX[1],XYZ-267-001,105,uM,DMSO,4,uL,0.13125,uM
33,AB30,V19,20,nL,100,1536LDV_MDX[1],1536LDV_DMSO,1536LDV[4],1536LDV_MDX[1],XYZ-267-001,9.520000000000001,uM,DMSO,4,uL,0.04760000000000001,uM
33,AB30,V20,7.5,nL,100,1536LDV_MDX[1],1536LDV_DMSO,1536LDV[4],1536LDV_MDX[1],XYZ-267-001,9.520000000000001,uM,DMSO,4,uL,0.01785,uM
33,AB27,V25,7.5,nL,100,1536LDV_MDX[1],1536LDV_DMSO,1536LDV[4],1536LDV_MDX[1],XYZ-267-001,2000,uM,DMSO,4,uL,3.75,uM
33,AB27,V26,2.5,nL,100,1536LDV_MDX[1],1536LDV_DMSO,1536LDV[4],1536LDV_MDX[1],XYZ-267-001,2000,uM,DMSO,4,uL,1.25,uM
33,AB29,V27,15,nL,100,1536LDV_MDX[1],1536LDV_DMSO,1536LDV[4],1536LDV_MDX[1],XYZ-267-001,105,uM,DMSO,4,uL,0.39375,uM
33,AB29,V28,5,nL,100,1536LDV_MDX[1],1536LDV_DMSO,1536LDV[4],1536LDV_MDX[1],XYZ-267-001,105,uM,DMSO,4,uL,0.13125,uM
33,AB30,V29,20,nL,100,1536LDV_MDX[1],1536LDV_DMSO,1536LDV[4],1536LDV_MDX[1],XYZ-267-001,9.520000000000001,uM,DMSO,4,uL,0.04760000000000001,uM
33,AB30,V30,7.5,nL,100,1536LDV_MDX[1],1536LDV_DMSO,1536LDV[4],1536LDV_MDX[1],XYZ-267-001,9.520000000000001,uM,DMSO,4,uL,0.01785,uM
33,AB27,V35,7.5,nL,100,1536LDV_MDX[1],1536LDV_DMSO,1536LDV[4],1536LDV_MDX[1],XYZ-267-001,2000,uM,DMSO,4,uL,3.75,uM
33,AB27,V36,2.5,nL,100,1536LDV_MDX[1],1536LDV_DMSO,1536LDV[4],1536LDV_MDX[1],XYZ-267-001,2000,uM,DMSO,4,uL,1.25,uM
33,AB29,V37,15,nL,100,1536LDV_MDX[1],1536LDV_DMSO,1536LDV[4],1536LDV_MDX[1],XYZ-267-001,105,uM,DMSO,4,uL,0.39375,uM
33,AB29,V38,5,nL,100,1536LDV_MDX[1],1536LDV_DMSO,1536LDV[4],1536LDV_MDX[1],XYZ-267-001,105,uM,DMSO,4,uL,0.13125,uM
33,AB30,V39,20,nL,100,1536LDV_MDX[1],1536LDV_DMSO,1536LDV[4],1536LDV_MDX[1],XYZ-267-001,9.520000000000001,uM,DMSO,4,uL,0.04760000000000001,uM
33,AB30,V40,7.5,nL,100,1536LDV_MDX[1],1536LDV_DMSO,1536LDV[4],1536LDV_MDX[1],XYZ-267-001,9.520000000000001,uM,DMSO,4,uL,0.01785,uM
33,J23,W5,7.5,nL,100,1536LDV_MDX[1],1536LDV_DMSO,1536LDV[4],1536LDV_MDX[1],XYZ-845-001,2000,uM,DMSO,4,uL,3.75,uM
33,J23,W6,2.5,nL,100,1536LDV_MDX[1],1536LDV_DMSO,1536LDV[4],1536LDV_MDX[1],XYZ-845-001,2000,uM,DMSO,4,uL,1.25,uM
33,J25,W7,15,nL,100,1536LDV_MDX[1],1536LDV_DMSO,1536LDV[4],1536LDV_MDX[1],XYZ-845-001,105,uM,DMSO,4,uL,0.39375,uM
33,J25,W8,5,nL,100,1536LDV_MDX[1],1536LDV_DMSO,1536LDV[4],1536LDV_MDX[1],XYZ-845-001,105,uM,DMSO,4,uL,0.13125,uM
33,J26,W9,20,nL,100,1536LDV_MDX[1],1536LDV_DMSO,1536LDV[4],1536LDV_MDX[1],XYZ-845-001,9.520000000000001,uM,DMSO,4,uL,0.04760000000000001,uM
33,J26,W10,7.5,nL,100,1536LDV_MDX[1],1536LDV_DMSO,1536LDV[4],1536LDV_MDX[1],XYZ-845-001,9.520000000000001,uM,DMSO,4,uL,0.01785,uM
33,J23,W15,7.5,nL,100,1536LDV_MDX[1],1536LDV_DMSO,1536LDV[4],1536LDV_MDX[1],XYZ-845-001,2000,uM,DMSO,4,uL,3.75,uM
33,J23,W16,2.5,nL,100,1536LDV_MDX[1],1536LDV_DMSO,1536LDV[4],1536LDV_MDX[1],XYZ-845-001,2000,uM,DMSO,4,uL,1.25,uM
33,J25,W17,15,nL,100,1536LDV_MDX[1],1536LDV_DMSO,1536LDV[4],1536LDV_MDX[1],XYZ-845-001,105,uM,DMSO,4,uL,0.39375,uM
33,J25,W18,5,nL,100,1536LDV_MDX[1],1536LDV_DMSO,1536LDV[4],1536LDV_MDX[1],XYZ-845-001,105,uM,DMSO,4,uL,0.13125,uM
33,J26,W19,20,nL,100,1536LDV_MDX[1],1536LDV_DMSO,1536LDV[4],1536LDV_MDX[1],XYZ-845-001,9.520000000000001,uM,DMSO,4,uL,0.04760000000000001,uM
33,J26,W20,7.5,nL,100,1536LDV_MDX[1],1536LDV_DMSO,1536LDV[4],1536LDV_MDX[1],XYZ-845-001,9.520000000000001,uM,DMSO,4,uL,0.01785,uM
33,J23,W25,7.5,nL,100,1536LDV_MDX[1],1536LDV_DMSO,1536LDV[4],1536LDV_MDX[1],XYZ-845-001,2000,uM,DMSO,4,uL,3.75,uM
33,J23,W26,2.5,nL,100,1536LDV_MDX[1],1536LDV_DMSO,1536LDV[4],1536LDV_MDX[1],XYZ-845-001,2000,uM,DMSO,4,uL,1.25,uM
33,J25,W27,15,nL,100,1536LDV_MDX[1],1536LDV_DMSO,1536LDV[4],1536LDV_MDX[1],XYZ-845-001,105,uM,DMSO,4,uL,0.39375,uM
33,J25,W28,5,nL,100,1536LDV_MDX[1],1536LDV_DMSO,1536LDV[4],1536LDV_MDX[1],XYZ-845-001,105,uM,DMSO,4,uL,0.13125,uM
33,J26,W29,20,nL,100,1536LDV_MDX[1],1536LDV_DMSO,1536LDV[4],1536LDV_MDX[1],XYZ-845-001,9.520000000000001,uM,DMSO,4,uL,0.04760000000000001,uM
33,J26,W30,7.5,nL,100,1536LDV_MDX[1],1536LDV_DMSO,1536LDV[4],1536LDV_MDX[1],XYZ-845-001,9.520000000000001,uM,DMSO,4,uL,0.01785,uM
33,K11,W35,7.5,nL,100,1536LDV_MDX[1],1536LDV_DMSO,1536LDV[4],1536LDV_MDX[1],XYZ-863-001,2000,uM,DMSO,4,uL,3.75,uM
33,K11,W36,2.5,nL,100,1536LDV_MDX[1],1536LDV_DMSO,1536LDV[4],1536LDV_MDX[1],XYZ-863-001,2000,uM,DMSO,4,uL,1.25,uM
33,K13,W37,15,nL,100,1536LDV_MDX[1],1536LDV_DMSO,1536LDV[4],1536LDV_MDX[1],XYZ-863-001,105,uM,DMSO,4,uL,0.39375,uM
33,K13,W38,5,nL,100,1536LDV_MDX[1],1536LDV_DMSO,1536LDV[4],1536LDV_MDX[1],XYZ-863-001,105,uM,DMSO,4,uL,0.13125,uM
33,K14,W39,20,nL,100,1536LDV_MDX[1],1536LDV_DMSO,1536LDV[4],1536LDV_MDX[1],XYZ-863-001,9.520000000000001,uM,DMSO,4,uL,0.04760000000000001,uM
33,K14,W40,7.5,nL,100,1536LDV_MDX[1],1536LDV_DMSO,1536LDV[4],1536LDV_MDX[1],XYZ-863-001,9.520000000000001,uM,DMSO,4,uL,0.01785,uM
33,K11,X5,7.5,nL,100,1536LDV_MDX[1],1536LDV_DMSO,1536LDV[4],1536LDV_MDX[1],XYZ-863-001,2000,uM,DMSO,4,uL,3.75,uM
33,K11,X6,2.5,nL,100,1536LDV_MDX[1],1536LDV_DMSO,1536LDV[4],1536LDV_MDX[1],XYZ-863-001,2000,uM,DMSO,4,uL,1.25,uM
33,K13,X7,15,nL,100,1536LDV_MDX[1],1536LDV_DMSO,1536LDV[4],1536LDV_MDX[1],XYZ-863-001,105,uM,DMSO,4,uL,0.39375,uM
33,K13,X8,5,nL,100,1536LDV_MDX[1],1536LDV_DMSO,1536LDV[4],1536LDV_MDX[1],XYZ-863-001,105,uM,DMSO,4,uL,0.13125,uM
33,K14,X9,20,nL,100,1536LDV_MDX[1],1536LDV_DMSO,1536LDV[4],1536LDV_MDX[1],XYZ-863-001,9.520000000000001,uM,DMSO,4,uL,0.04760000000000001,uM
33,K14,X10,7.5,nL,100,1536LDV_MDX[1],1536LDV_DMSO,1536LDV[4],1536LDV_MDX[1],XYZ-863-001,9.520000000000001,uM,DMSO,4,uL,0.01785,uM
33,K11,X15,7.5,nL,100,1536LDV_MDX[1],1536LDV_DMSO,1536LDV[4],1536LDV_MDX[1],XYZ-863-001,2000,uM,DMSO,4,uL,3.75,uM
33,K11,X16,2.5,nL,100,1536LDV_MDX[1],1536LDV_DMSO,1536LDV[4],1536LDV_MDX[1],XYZ-863-001,2000,uM,DMSO,4,uL,1.25,uM
33,K13,X17,15,nL,100,1536LDV_MDX[1],1536LDV_DMSO,1536LDV[4],1536LDV_MDX[1],XYZ-863-001,105,uM,DMSO,4,uL,0.39375,uM
33,K13,X18,5,nL,100,1536LDV_MDX[1],1536LDV_DMSO,1536LDV[4],1536LDV_MDX[1],XYZ-863-001,105,uM,DMSO,4,uL,0.13125,uM
33,K14,X19,20,nL,100,1536LDV_MDX[1],1536LDV_DMSO,1536LDV[4],1536LDV_MDX[1],XYZ-863-001,9.520000000000001,uM,DMSO,4,uL,0.04760000000000001,uM
33,K14,X20,7.5,nL,100,1536LDV_MDX[1],1536LDV_DMSO,1536LDV[4],1536LDV_MDX[1],XYZ-863-001,9.520000000000001,uM,DMSO,4,uL,0.01785,uM
33,L03,X25,7.5,nL,100,1536LDV_MDX[1],1536LDV_DMSO,1536LDV[4],1536LDV_MDX[1],XYZ-880-001,2000,uM,DMSO,4,uL,3.75,uM
33,L03,X26,2.5,nL,100,1536LDV_MDX[1],1536LDV_DMSO,1536LDV[4],1536LDV_MDX[1],XYZ-880-001,2000,uM,DMSO,4,uL,1.25,uM
33,L05,X27,15,nL,100,1536LDV_MDX[1],1536LDV_DMSO,1536LDV[4],1536LDV_MDX[1],XYZ-880-001,105,uM,DMSO,4,uL,0.39375,uM
33,L05,X28,5,nL,100,1536LDV_MDX[1],1536LDV_DMSO,1536LDV[4],1536LDV_MDX[1],XYZ-880-001,105,uM,DMSO,4,uL,0.13125,uM
33,L06,X29,20,nL,100,1536LDV_MDX[1],1536LDV_DMSO,1536LDV[4],1536LDV_MDX[1],XYZ-880-001,9.520000000000001,uM,DMSO,4,uL,0.04760000000000001,uM
33,L06,X30,7.5,nL,100,1536LDV_MDX[1],1536LDV_DMSO,1536LDV[4],1536LDV_MDX[1],XYZ-880-001,9.520000000000001,uM,DMSO,4,uL,0.01785,uM
33,L03,X35,7.5,nL,100,1536LDV_MDX[1],1536LDV_DMSO,1536LDV[4],1536LDV_MDX[1],XYZ-880-001,2000,uM,DMSO,4,uL,3.75,uM
33,L03,X36,2.5,nL,100,1536LDV_MDX[1],1536LDV_DMSO,1536LDV[4],1536LDV_MDX[1],XYZ-880-001,2000,uM,DMSO,4,uL,1.25,uM
33,L05,X37,15,nL,100,1536LDV_MDX[1],1536LDV_DMSO,1536LDV[4],1536LDV_MDX[1],XYZ-880-001,105,uM,DMSO,4,uL,0.39375,uM
33,L05,X38,5,nL,100,1536LDV_MDX[1],1536LDV_DMSO,1536LDV[4],1536LDV_MDX[1],XYZ-880-001,105,uM,DMSO,4,uL,0.13125,uM
33,L06,X39,20,nL,100,1536LDV_MDX[1],1536LDV_DMSO,1536LDV[4],1536LDV_MDX[1],XYZ-880-001,9.520000000000001,uM,DMSO,4,uL,0.04760000000000001,uM
33,L06,X40,7.5,nL,100,1536LDV_MDX[1],1536LDV_DMSO,1536LDV[4],1536LDV_MDX[1],XYZ-880-001,9.520000000000001,uM,DMSO,4,uL,0.01785,uM
33,L03,Y5,7.5,nL,100,1536LDV_MDX[1],1536LDV_DMSO,1536LDV[4],1536LDV_MDX[1],XYZ-880-001,2000,uM,DMSO,4,uL,3.75,uM
33,L03,Y6,2.5,nL,100,1536LDV_MDX[1],1536LDV_DMSO,1536LDV[4],1536LDV_MDX[1],XYZ-880-001,2000,uM,DMSO,4,uL,1.25,uM
33,L05,Y7,15,nL,100,1536LDV_MDX[1],1536LDV_DMSO,1536LDV[4],1536LDV_MDX[1],XYZ-880-001,105,uM,DMSO,4,uL,0.39375,uM
33,L05,Y8,5,nL,100,1536LDV_MDX[1],1536LDV_DMSO,1536LDV[4],1536LDV_MDX[1],XYZ-880-001,105,uM,DMSO,4,uL,0.13125,uM
33,L06,Y9,20,nL,100,1536LDV_MDX[1],1536LDV_DMSO,1536LDV[4],1536LDV_MDX[1],XYZ-880-001,9.520000000000001,uM,DMSO,4,uL,0.04760000000000001,uM
33,L06,Y10,7.5,nL,100,1536LDV_MDX[1],1536LDV_DMSO,1536LDV[4],1536LDV_MDX[1],XYZ-880-001,9.520000000000001,uM,DMSO,4,uL,0.01785,uM
34,F39,Y15,15,nL,100,1536LDV_MDX[1],1536LDV_DMSO,1536LDV[5],1536LDV_MDX[1],XYZ-10-001,1000,uM,DMSO,4,uL,3.75,uM
34,F39,Y16,5,nL,100,1536LDV_MDX[1],1536LDV_DMSO,1536LDV[5],1536LDV_MDX[1],XYZ-10-001,1000,uM,DMSO,4,uL,1.25,uM
34,F40,Y17,17.5,nL,100,1536LDV_MDX[1],1536LDV_DMSO,1536LDV[5],1536LDV_MDX[1],XYZ-10-001,100,uM,DMSO,4,uL,0.43750000000000006,uM
34,F40,Y18,5,nL,100,1536LDV_MDX[1],1536LDV_DMSO,1536LDV[5],1536LDV_MDX[1],XYZ-10-001,100,uM,DMSO,4,uL,0.125,uM
34,F41,Y19,20,nL,100,1536LDV_MDX[1],1536LDV_DMSO,1536LDV[5],1536LDV_MDX[1],XYZ-10-001,9.520000000000001,uM,DMSO,4,uL,0.04760000000000001,uM
34,F41,Y20,7.5,nL,100,1536LDV_MDX[1],1536LDV_DMSO,1536LDV[5],1536LDV_MDX[1],XYZ-10-001,9.520000000000001,uM,DMSO,4,uL,0.01785,uM
34,F39,Y25,15,nL,100,1536LDV_MDX[1],1536LDV_DMSO,1536LDV[5],1536LDV_MDX[1],XYZ-10-001,1000,uM,DMSO,4,uL,3.75,uM
34,F39,Y26,5,nL,100,1536LDV_MDX[1],1536LDV_DMSO,1536LDV[5],1536LDV_MDX[1],XYZ-10-001,1000,uM,DMSO,4,uL,1.25,uM
34,F40,Y27,17.5,nL,100,1536LDV_MDX[1],1536LDV_DMSO,1536LDV[5],1536LDV_MDX[1],XYZ-10-001,100,uM,DMSO,4,uL,0.43750000000000006,uM
34,F40,Y28,5,nL,100,1536LDV_MDX[1],1536LDV_DMSO,1536LDV[5],1536LDV_MDX[1],XYZ-10-001,100,uM,DMSO,4,uL,0.125,uM
34,F41,Y29,20,nL,100,1536LDV_MDX[1],1536LDV_DMSO,1536LDV[5],1536LDV_MDX[1],XYZ-10-001,9.520000000000001,uM,DMSO,4,uL,0.04760000000000001,uM
34,F41,Y30,7.5,nL,100,1536LDV_MDX[1],1536LDV_DMSO,1536LDV[5],1536LDV_MDX[1],XYZ-10-001,9.520000000000001,uM,DMSO,4,uL,0.01785,uM
34,F39,Y35,15,nL,100,1536LDV_MDX[1],1536LDV_DMSO,1536LDV[5],1536LDV_MDX[1],XYZ-10-001,1000,uM,DMSO,4,uL,3.75,uM
34,F39,Y36,5,nL,100,1536LDV_MDX[1],1536LDV_DMSO,1536LDV[5],1536LDV_MDX[1],XYZ-10-001,1000,uM,DMSO,4,uL,1.25,uM
34,F40,Y37,17.5,nL,100,1536LDV_MDX[1],1536LDV_DMSO,1536LDV[5],1536LDV_MDX[1],XYZ-10-001,100,uM,DMSO,4,uL,0.43750000000000006,uM
34,F40,Y38,5,nL,100,1536LDV_MDX[1],1536LDV_DMSO,1536LDV[5],1536LDV_MDX[1],XYZ-10-001,100,uM,DMSO,4,uL,0.125,uM
34,F41,Y39,20,nL,100,1536LDV_MDX[1],1536LDV_DMSO,1536LDV[5],1536LDV_MDX[1],XYZ-10-001,9.520000000000001,uM,DMSO,4,uL,0.04760000000000001,uM
34,F41,Y40,7.5,nL,100,1536LDV_MDX[1],1536LDV_DMSO,1536LDV[5],1536LDV_MDX[1],XYZ-10-001,9.520000000000001,uM,DMSO,4,uL,0.01785,uM
34,K20,Z5,15,nL,100,1536LDV_MDX[1],1536LDV_DMSO,1536LDV[5],1536LDV_MDX[1],XYZ-198-001,1000,uM,DMSO,4,uL,3.75,uM
34,K20,Z6,5,nL,100,1536LDV_MDX[1],1536LDV_DMSO,1536LDV[5],1536LDV_MDX[1],XYZ-198-001,1000,uM,DMSO,4,uL,1.25,uM
34,K21,Z7,17.5,nL,100,1536LDV_MDX[1],1536LDV_DMSO,1536LDV[5],1536LDV_MDX[1],XYZ-198-001,100,uM,DMSO,4,uL,0.43750000000000006,uM
34,K21,Z8,5,nL,100,1536LDV_MDX[1],1536LDV_DMSO,1536LDV[5],1536LDV_MDX[1],XYZ-198-001,100,uM,DMSO,4,uL,0.125,uM
34,K22,Z9,20,nL,100,1536LDV_MDX[1],1536LDV_DMSO,1536LDV[5],1536LDV_MDX[1],XYZ-198-001,9.520000000000001,uM,DMSO,4,uL,0.04760000000000001,uM
34,K22,Z10,7.5,nL,100,1536LDV_MDX[1],1536LDV_DMSO,1536LDV[5],1536LDV_MDX[1],XYZ-198-001,9.520000000000001,uM,DMSO,4,uL,0.01785,uM
34,K20,Z15,15,nL,100,1536LDV_MDX[1],1536LDV_DMSO,1536LDV[5],1536LDV_MDX[1],XYZ-198-001,1000,uM,DMSO,4,uL,3.75,uM
34,K20,Z16,5,nL,100,1536LDV_MDX[1],1536LDV_DMSO,1536LDV[5],1536LDV_MDX[1],XYZ-198-001,1000,uM,DMSO,4,uL,1.25,uM
34,K21,Z17,17.5,nL,100,1536LDV_MDX[1],1536LDV_DMSO,1536LDV[5],1536LDV_MDX[1],XYZ-198-001,100,uM,DMSO,4,uL,0.43750000000000006,uM
34,K21,Z18,5,nL,100,1536LDV_MDX[1],1536LDV_DMSO,1536LDV[5],1536LDV_MDX[1],XYZ-198-001,100,uM,DMSO,4,uL,0.125,uM
34,K22,Z19,20,nL,100,1536LDV_MDX[1],1536LDV_DMSO,1536LDV[5],1536LDV_MDX[1],XYZ-198-001,9.520000000000001,uM,DMSO,4,uL,0.04760000000000001,uM
34,K22,Z20,7.5,nL,100,1536LDV_MDX[1],1536LDV_DMSO,1536LDV[5],1536LDV_MDX[1],XYZ-198-001,9.520000000000001,uM,DMSO,4,uL,0.01785,uM
34,K20,Z25,15,nL,100,1536LDV_MDX[1],1536LDV_DMSO,1536LDV[5],1536LDV_MDX[1],XYZ-198-001,1000,uM,DMSO,4,uL,3.75,uM
34,K20,Z26,5,nL,100,1536LDV_MDX[1],1536LDV_DMSO,1536LDV[5],1536LDV_MDX[1],XYZ-198-001,1000,uM,DMSO,4,uL,1.25,uM
34,K21,Z27,17.5,nL,100,1536LDV_MDX[1],1536LDV_DMSO,1536LDV[5],1536LDV_MDX[1],XYZ-198-001,100,uM,DMSO,4,uL,0.43750000000000006,uM
34,K21,Z28,5,nL,100,1536LDV_MDX[1],1536LDV_DMSO,1536LDV[5],1536LDV_MDX[1],XYZ-198-001,100,uM,DMSO,4,uL,0.125,uM
34,K22,Z29,20,nL,100,1536LDV_MDX[1],1536LDV_DMSO,1536LDV[5],1536LDV_MDX[1],XYZ-198-001,9.520000000000001,uM,DMSO,4,uL,0.04760000000000001,uM
34,K22,Z30,7.5,nL,100,1536LDV_MDX[1],1536LDV_DMSO,1536LDV[5],1536LDV_MDX[1],XYZ-198-001,9.520000000000001,uM,DMSO,4,uL,0.01785,uM
34,L21,Z35,15,nL,100,1536LDV_MDX[1],1536LDV_DMSO,1536LDV[5],1536LDV_MDX[1],XYZ-209-001,1000,uM,DMSO,4,uL,3.75,uM
34,L21,Z36,5,nL,100,1536LDV_MDX[1],1536LDV_DMSO,1536LDV[5],1536LDV_MDX[1],XYZ-209-001,1000,uM,DMSO,4,uL,1.25,uM
34,L22,Z37,17.5,nL,100,1536LDV_MDX[1],1536LDV_DMSO,1536LDV[5],1536LDV_MDX[1],XYZ-209-001,100,uM,DMSO,4,uL,0.43750000000000006,uM
34,L22,Z38,5,nL,100,1536LDV_MDX[1],1536LDV_DMSO,1536LDV[5],1536LDV_MDX[1],XYZ-209-001,100,uM,DMSO,4,uL,0.125,uM
34,L23,Z39,20,nL,100,1536LDV_MDX[1],1536LDV_DMSO,1536LDV[5],1536LDV_MDX[1],XYZ-209-001,9.520000000000001,uM,DMSO,4,uL,0.04760000000000001,uM
34,L23,Z40,7.5,nL,100,1536LDV_MDX[1],1536LDV_DMSO,1536LDV[5],1536LDV_MDX[1],XYZ-209-001,9.520000000000001,uM,DMSO,4,uL,0.01785,uM
34,L21,AA5,15,nL,100,1536LDV_MDX[1],1536LDV_DMSO,1536LDV[5],1536LDV_MDX[1],XYZ-209-001,1000,uM,DMSO,4,uL,3.75,uM
34,L21,AA6,5,nL,100,1536LDV_MDX[1],1536LDV_DMSO,1536LDV[5],1536LDV_MDX[1],XYZ-209-001,1000,uM,DMSO,4,uL,1.25,uM
34,L22,AA7,17.5,nL,100,1536LDV_MDX[1],1536LDV_DMSO,1536LDV[5],1536LDV_MDX[1],XYZ-209-001,100,uM,DMSO,4,uL,0.43750000000000006,uM
34,L22,AA8,5,nL,100,1536LDV_MDX[1],1536LDV_DMSO,1536LDV[5],1536LDV_MDX[1],XYZ-209-001,100,uM,DMSO,4,uL,0.125,uM
34,L23,AA9,20,nL,100,1536LDV_MDX[1],1536LDV_DMSO,1536LDV[5],1536LDV_MDX[1],XYZ-209-001,9.520000000000001,uM,DMSO,4,uL,0.04760000000000001,uM
34,L23,AA10,7.5,nL,100,1536LDV_MDX[1],1536LDV_DMSO,1536LDV[5],1536LDV_MDX[1],XYZ-209-001,9.520000000000001,uM,DMSO,4,uL,0.01785,uM
34,L21,AA15,15,nL,100,1536LDV_MDX[1],1536LDV_DMSO,1536LDV[5],1536LDV_MDX[1],XYZ-209-001,1000,uM,DMSO,4,uL,3.75,uM
34,L21,AA16,5,nL,100,1536LDV_MDX[1],1536LDV_DMSO,1536LDV[5],1536LDV_MDX[1],XYZ-209-001,1000,uM,DMSO,4,uL,1.25,uM
34,L22,AA17,17.5,nL,100,1536LDV_MDX[1],1536LDV_DMSO,1536LDV[5],1536LDV_MDX[1],XYZ-209-001,100,uM,DMSO,4,uL,0.43750000000000006,uM
34,L22,AA18,5,nL,100,1536LDV_MDX[1],1536LDV_DMSO,1536LDV[5],1536LDV_MDX[1],XYZ-209-001,100,uM,DMSO,4,uL,0.125,uM
34,L23,AA19,20,nL,100,1536LDV_MDX[1],1536LDV_DMSO,1536LDV[5],1536LDV_MDX[1],XYZ-209-001,9.520000000000001,uM,DMSO,4,uL,0.04760000000000001,uM
34,L23,AA20,7.5,nL,100,1536LDV_MDX[1],1536LDV_DMSO,1536LDV[5],1536LDV_MDX[1],XYZ-209-001,9.520000000000001,uM,DMSO,4,uL,0.01785,uM
34,L30,AA25,15,nL,100,1536LDV_MDX[1],1536LDV_DMSO,1536LDV[5],1536LDV_MDX[1],XYZ-215-001,1000,uM,DMSO,4,uL,3.75,uM
34,L30,AA26,5,nL,100,1536LDV_MDX[1],1536LDV_DMSO,1536LDV[5],1536LDV_MDX[1],XYZ-215-001,1000,uM,DMSO,4,uL,1.25,uM
34,L31,AA27,17.5,nL,100,1536LDV_MDX[1],1536LDV_DMSO,1536LDV[5],1536LDV_MDX[1],XYZ-215-001,100,uM,DMSO,4,uL,0.43750000000000006,uM
34,L31,AA28,5,nL,100,1536LDV_MDX[1],1536LDV_DMSO,1536LDV[5],1536LDV_MDX[1],XYZ-215-001,100,uM,DMSO,4,uL,0.125,uM
34,L32,AA29,20,nL,100,1536LDV_MDX[1],1536LDV_DMSO,1536LDV[5],1536LDV_MDX[1],XYZ-215-001,9.520000000000001,uM,DMSO,4,uL,0.04760000000000001,uM
34,L32,AA30,7.5,nL,100,1536LDV_MDX[1],1536LDV_DMSO,1536LDV[5],1536LDV_MDX[1],XYZ-215-001,9.520000000000001,uM,DMSO,4,uL,0.01785,uM
34,L30,AA35,15,nL,100,1536LDV_MDX[1],1536LDV_DMSO,1536LDV[5],1536LDV_MDX[1],XYZ-215-001,1000,uM,DMSO,4,uL,3.75,uM
34,L30,AA36,5,nL,100,1536LDV_MDX[1],1536LDV_DMSO,1536LDV[5],1536LDV_MDX[1],XYZ-215-001,1000,uM,DMSO,4,uL,1.25,uM
34,L31,AA37,17.5,nL,100,1536LDV_MDX[1],1536LDV_DMSO,1536LDV[5],1536LDV_MDX[1],XYZ-215-001,100,uM,DMSO,4,uL,0.43750000000000006,uM
34,L31,AA38,5,nL,100,1536LDV_MDX[1],1536LDV_DMSO,1536LDV[5],1536LDV_MDX[1],XYZ-215-001,100,uM,DMSO,4,uL,0.125,uM
34,L32,AA39,20,nL,100,1536LDV_MDX[1],1536LDV_DMSO,1536LDV[5],1536LDV_MDX[1],XYZ-215-001,9.520000000000001,uM,DMSO,4,uL,0.04760000000000001,uM
34,L32,AA40,7.5,nL,100,1536LDV_MDX[1],1536LDV_DMSO,1536LDV[5],1536LDV_MDX[1],XYZ-215-001,9.520000000000001,uM,DMSO,4,uL,0.01785,uM
34,L30,AB5,15,nL,100,1536LDV_MDX[1],1536LDV_DMSO,1536LDV[5],1536LDV_MDX[1],XYZ-215-001,1000,uM,DMSO,4,uL,3.75,uM
34,L30,AB6,5,nL,100,1536LDV_MDX[1],1536LDV_DMSO,1536LDV[5],1536LDV_MDX[1],XYZ-215-001,1000,uM,DMSO,4,uL,1.25,uM
34,L31,AB7,17.5,nL,100,1536LDV_MDX[1],1536LDV_DMSO,1536LDV[5],1536LDV_MDX[1],XYZ-215-001,100,uM,DMSO,4,uL,0.43750000000000006,uM
34,L31,AB8,5,nL,100,1536LDV_MDX[1],1536LDV_DMSO,1536LDV[5],1536LDV_MDX[1],XYZ-215-001,100,uM,DMSO,4,uL,0.125,uM
34,L32,AB9,20,nL,100,1536LDV_MDX[1],1536LDV_DMSO,1536LDV[5],1536LDV_MDX[1],XYZ-215-001,9.520000000000001,uM,DMSO,4,uL,0.04760000000000001,uM
34,L32,AB10,7.5,nL,100,1536LDV_MDX[1],1536LDV_DMSO,1536LDV[5],1536LDV_MDX[1],XYZ-215-001,9.520000000000001,uM,DMSO,4,uL,0.01785,uM
34,L33,AB15,15,nL,100,1536LDV_MDX[1],1536LDV_DMSO,1536LDV[5],1536LDV_MDX[1],XYZ-217-001,1000,uM,DMSO,4,uL,3.75,uM
34,L33,AB16,5,nL,100,1536LDV_MDX[1],1536LDV_DMSO,1536LDV[5],1536LDV_MDX[1],XYZ-217-001,1000,uM,DMSO,4,uL,1.25,uM
34,L34,AB17,17.5,nL,100,1536LDV_MDX[1],1536LDV_DMSO,1536LDV[5],1536LDV_MDX[1],XYZ-217-001,100,uM,DMSO,4,uL,0.43750000000000006,uM
34,L34,AB18,5,nL,100,1536LDV_MDX[1],1536LDV_DMSO,1536LDV[5],1536LDV_MDX[1],XYZ-217-001,100,uM,DMSO,4,uL,0.125,uM
34,L35,AB19,20,nL,100,1536LDV_MDX[1],1536LDV_DMSO,1536LDV[5],1536LDV_MDX[1],XYZ-217-001,9.520000000000001,uM,DMSO,4,uL,0.04760000000000001,uM
34,L35,AB20,7.5,nL,100,1536LDV_MDX[1],1536LDV_DMSO,1536LDV[5],1536LDV_MDX[1],XYZ-217-001,9.520000000000001,uM,DMSO,4,uL,0.01785,uM
34,L33,AB25,15,nL,100,1536LDV_MDX[1],1536LDV_DMSO,1536LDV[5],1536LDV_MDX[1],XYZ-217-001,1000,uM,DMSO,4,uL,3.75,uM
34,L33,AB26,5,nL,100,1536LDV_MDX[1],1536LDV_DMSO,1536LDV[5],1536LDV_MDX[1],XYZ-217-001,1000,uM,DMSO,4,uL,1.25,uM
34,L34,AB27,17.5,nL,100,1536LDV_MDX[1],1536LDV_DMSO,1536LDV[5],1536LDV_MDX[1],XYZ-217-001,100,uM,DMSO,4,uL,0.43750000000000006,uM
34,L34,AB28,5,nL,100,1536LDV_MDX[1],1536LDV_DMSO,1536LDV[5],1536LDV_MDX[1],XYZ-217-001,100,uM,DMSO,4,uL,0.125,uM
34,L35,AB29,20,nL,100,1536LDV_MDX[1],1536LDV_DMSO,1536LDV[5],1536LDV_MDX[1],XYZ-217-001,9.520000000000001,uM,DMSO,4,uL,0.04760000000000001,uM
34,L35,AB30,7.5,nL,100,1536LDV_MDX[1],1536LDV_DMSO,1536LDV[5],1536LDV_MDX[1],XYZ-217-001,9.520000000000001,uM,DMSO,4,uL,0.01785,uM
34,L33,AB35,15,nL,100,1536LDV_MDX[1],1536LDV_DMSO,1536LDV[5],1536LDV_MDX[1],XYZ-217-001,1000,uM,DMSO,4,uL,3.75,uM
34,L33,AB36,5,nL,100,1536LDV_MDX[1],1536LDV_DMSO,1536LDV[5],1536LDV_MDX[1],XYZ-217-001,1000,uM,DMSO,4,uL,1.25,uM
34,L34,AB37,17.5,nL,100,1536LDV_MDX[1],1536LDV_DMSO,1536LDV[5],1536LDV_MDX[1],XYZ-217-001,100,uM,DMSO,4,uL,0.43750000000000006,uM
34,L34,AB38,5,nL,100,1536LDV_MDX[1],1536LDV_DMSO,1536LDV[5],1536LDV_MDX[1],XYZ-217-001,100,uM,DMSO,4,uL,0.125,uM
34,L35,AB39,20,nL,100,1536LDV_MDX[1],1536LDV_DMSO,1536LDV[5],1536LDV_MDX[1],XYZ-217-001,9.520000000000001,uM,DMSO,4,uL,0.04760000000000001,uM
34,L35,AB40,7.5,nL,100,1536LDV_MDX[1],1536LDV_DMSO,1536LDV[5],1536LDV_MDX[1],XYZ-217-001,9.520000000000001,uM,DMSO,4,uL,0.01785,uM
34,M07,AC5,15,nL,100,1536LDV_MDX[1],1536LDV_DMSO,1536LDV[5],1536LDV_MDX[1],XYZ-275-001,1000,uM,DMSO,4,uL,3.75,uM
34,M07,AC6,5,nL,100,1536LDV_MDX[1],1536LDV_DMSO,1536LDV[5],1536LDV_MDX[1],XYZ-275-001,1000,uM,DMSO,4,uL,1.25,uM
34,M08,AC7,17.5,nL,100,1536LDV_MDX[1],1536LDV_DMSO,1536LDV[5],1536LDV_MDX[1],XYZ-275-001,100,uM,DMSO,4,uL,0.43750000000000006,uM
34,M08,AC8,5,nL,100,1536LDV_MDX[1],1536LDV_DMSO,1536LDV[5],1536LDV_MDX[1],XYZ-275-001,100,uM,DMSO,4,uL,0.125,uM
34,M09,AC9,20,nL,100,1536LDV_MDX[1],1536LDV_DMSO,1536LDV[5],1536LDV_MDX[1],XYZ-275-001,9.520000000000001,uM,DMSO,4,uL,0.04760000000000001,uM
34,M09,AC10,7.5,nL,100,1536LDV_MDX[1],1536LDV_DMSO,1536LDV[5],1536LDV_MDX[1],XYZ-275-001,9.520000000000001,uM,DMSO,4,uL,0.01785,uM
34,M07,AC15,15,nL,100,1536LDV_MDX[1],1536LDV_DMSO,1536LDV[5],1536LDV_MDX[1],XYZ-275-001,1000,uM,DMSO,4,uL,3.75,uM
34,M07,AC16,5,nL,100,1536LDV_MDX[1],1536LDV_DMSO,1536LDV[5],1536LDV_MDX[1],XYZ-275-001,1000,uM,DMSO,4,uL,1.25,uM
34,M08,AC17,17.5,nL,100,1536LDV_MDX[1],1536LDV_DMSO,1536LDV[5],1536LDV_MDX[1],XYZ-275-001,100,uM,DMSO,4,uL,0.43750000000000006,uM
34,M08,AC18,5,nL,100,1536LDV_MDX[1],1536LDV_DMSO,1536LDV[5],1536LDV_MDX[1],XYZ-275-001,100,uM,DMSO,4,uL,0.125,uM
34,M09,AC19,20,nL,100,1536LDV_MDX[1],1536LDV_DMSO,1536LDV[5],1536LDV_MDX[1],XYZ-275-001,9.520000000000001,uM,DMSO,4,uL,0.04760000000000001,uM
34,M09,AC20,7.5,nL,100,1536LDV_MDX[1],1536LDV_DMSO,1536LDV[5],1536LDV_MDX[1],XYZ-275-001,9.520000000000001,uM,DMSO,4,uL,0.01785,uM
34,M07,AC25,15,nL,100,1536LDV_MDX[1],1536LDV_DMSO,1536LDV[5],1536LDV_MDX[1],XYZ-275-001,1000,uM,DMSO,4,uL,3.75,uM
34,M07,AC26,5,nL,100,1536LDV_MDX[1],1536LDV_DMSO,1536LDV[5],1536LDV_MDX[1],XYZ-275-001,1000,uM,DMSO,4,uL,1.25,uM
34,M08,AC27,17.5,nL,100,1536LDV_MDX[1],1536LDV_DMSO,1536LDV[5],1536LDV_MDX[1],XYZ-275-001,100,uM,DMSO,4,uL,0.43750000000000006,uM
34,M08,AC28,5,nL,100,1536LDV_MDX[1],1536LDV_DMSO,1536LDV[5],1536LDV_MDX[1],XYZ-275-001,100,uM,DMSO,4,uL,0.125,uM
34,M09,AC29,20,nL,100,1536LDV_MDX[1],1536LDV_DMSO,1536LDV[5],1536LDV_MDX[1],XYZ-275-001,9.520000000000001,uM,DMSO,4,uL,0.04760000000000001,uM
34,M09,AC30,7.5,nL,100,1536LDV_MDX[1],1536LDV_DMSO,1536LDV[5],1536LDV_MDX[1],XYZ-275-001,9.520000000000001,uM,DMSO,4,uL,0.01785,uM
34,D04,AC35,15,nL,100,1536LDV_MDX[1],1536LDV_DMSO,1536LDV[5],1536LDV_MDX[1],XYZ-347-001,1000,uM,DMSO,4,uL,3.75,uM
34,D04,AC36,5,nL,100,1536LDV_MDX[1],1536LDV_DMSO,1536LDV[5],1536LDV_MDX[1],XYZ-347-001,1000,uM,DMSO,4,uL,1.25,uM
34,D05,AC37,17.5,nL,100,1536LDV_MDX[1],1536LDV_DMSO,1536LDV[5],1536LDV_MDX[1],XYZ-347-001,100,uM,DMSO,4,uL,0.43750000000000006,uM
34,D05,AC38,5,nL,100,1536LDV_MDX[1],1536LDV_DMSO,1536LDV[5],1536LDV_MDX[1],XYZ-347-001,100,uM,DMSO,4,uL,0.125,uM
34,D06,AC39,20,nL,100,1536LDV_MDX[1],1536LDV_DMSO,1536LDV[5],1536LDV_MDX[1],XYZ-347-001,9.520000000000001,uM,DMSO,4,uL,0.04760000000000001,uM
34,D06,AC40,7.5,nL,100,1536LDV_MDX[1],1536LDV_DMSO,1536LDV[5],1536LDV_MDX[1],XYZ-347-001,9.520000000000001,uM,DMSO,4,uL,0.01785,uM
34,D04,AD5,15,nL,100,1536LDV_MDX[1],1536LDV_DMSO,1536LDV[5],1536LDV_MDX[1],XYZ-347-001,1000,uM,DMSO,4,uL,3.75,uM
34,D04,AD6,5,nL,100,1536LDV_MDX[1],1536LDV_DMSO,1536LDV[5],1536LDV_MDX[1],XYZ-347-001,1000,uM,DMSO,4,uL,1.25,uM
34,D05,AD7,17.5,nL,100,1536LDV_MDX[1],1536LDV_DMSO,1536LDV[5],1536LDV_MDX[1],XYZ-347-001,100,uM,DMSO,4,uL,0.43750000000000006,uM
34,D05,AD8,5,nL,100,1536LDV_MDX[1],1536LDV_DMSO,1536LDV[5],1536LDV_MDX[1],XYZ-347-001,100,uM,DMSO,4,uL,0.125,uM
34,D06,AD9,20,nL,100,1536LDV_MDX[1],1536LDV_DMSO,1536LDV[5],1536LDV_MDX[1],XYZ-347-001,9.520000000000001,uM,DMSO,4,uL,0.04760000000000001,uM
34,D06,AD10,7.5,nL,100,1536LDV_MDX[1],1536LDV_DMSO,1536LDV[5],1536LDV_MDX[1],XYZ-347-001,9.520000000000001,uM,DMSO,4,uL,0.01785,uM
34,D04,AD15,15,nL,100,1536LDV_MDX[1],1536LDV_DMSO,1536LDV[5],1536LDV_MDX[1],XYZ-347-001,1000,uM,DMSO,4,uL,3.75,uM
34,D04,AD16,5,nL,100,1536LDV_MDX[1],1536LDV_DMSO,1536LDV[5],1536LDV_MDX[1],XYZ-347-001,1000,uM,DMSO,4,uL,1.25,uM
34,D05,AD17,17.5,nL,100,1536LDV_MDX[1],1536LDV_DMSO,1536LDV[5],1536LDV_MDX[1],XYZ-347-001,100,uM,DMSO,4,uL,0.43750000000000006,uM
34,D05,AD18,5,nL,100,1536LDV_MDX[1],1536LDV_DMSO,1536LDV[5],1536LDV_MDX[1],XYZ-347-001,100,uM,DMSO,4,uL,0.125,uM
34,D06,AD19,20,nL,100,1536LDV_MDX[1],1536LDV_DMSO,1536LDV[5],1536LDV_MDX[1],XYZ-347-001,9.520000000000001,uM,DMSO,4,uL,0.04760000000000001,uM
34,D06,AD20,7.5,nL,100,1536LDV_MDX[1],1536LDV_DMSO,1536LDV[5],1536LDV_MDX[1],XYZ-347-001,9.520000000000001,uM,DMSO,4,uL,0.01785,uM
34,C18,AD25,15,nL,100,1536LDV_MDX[1],1536LDV_DMSO,1536LDV[5],1536LDV_MDX[1],XYZ-717-001,1000,uM,DMSO,4,uL,3.75,uM
34,C18,AD26,5,nL,100,1536LDV_MDX[1],1536LDV_DMSO,1536LDV[5],1536LDV_MDX[1],XYZ-717-001,1000,uM,DMSO,4,uL,1.25,uM
34,C19,AD27,17.5,nL,100,1536LDV_MDX[1],1536LDV_DMSO,1536LDV[5],1536LDV_MDX[1],XYZ-717-001,100,uM,DMSO,4,uL,0.43750000000000006,uM
34,C19,AD28,5,nL,100,1536LDV_MDX[1],1536LDV_DMSO,1536LDV[5],1536LDV_MDX[1],XYZ-717-001,100,uM,DMSO,4,uL,0.125,uM
34,C20,AD29,20,nL,100,1536LDV_MDX[1],1536LDV_DMSO,1536LDV[5],1536LDV_MDX[1],XYZ-717-001,9.520000000000001,uM,DMSO,4,uL,0.04760000000000001,uM
34,C20,AD30,7.5,nL,100,1536LDV_MDX[1],1536LDV_DMSO,1536LDV[5],1536LDV_MDX[1],XYZ-717-001,9.520000000000001,uM,DMSO,4,uL,0.01785,uM
34,C18,AD35,15,nL,100,1536LDV_MDX[1],1536LDV_DMSO,1536LDV[5],1536LDV_MDX[1],XYZ-717-001,1000,uM,DMSO,4,uL,3.75,uM
34,C18,AD36,5,nL,100,1536LDV_MDX[1],1536LDV_DMSO,1536LDV[5],1536LDV_MDX[1],XYZ-717-001,1000,uM,DMSO,4,uL,1.25,uM
34,C19,AD37,17.5,nL,100,1536LDV_MDX[1],1536LDV_DMSO,1536LDV[5],1536LDV_MDX[1],XYZ-717-001,100,uM,DMSO,4,uL,0.43750000000000006,uM
34,C19,AD38,5,nL,100,1536LDV_MDX[1],1536LDV_DMSO,1536LDV[5],1536LDV_MDX[1],XYZ-717-001,100,uM,DMSO,4,uL,0.125,uM
34,C20,AD39,20,nL,100,1536LDV_MDX[1],1536LDV_DMSO,1536LDV[5],1536LDV_MDX[1],XYZ-717-001,9.520000000000001,uM,DMSO,4,uL,0.04760000000000001,uM
34,C20,AD40,7.5,nL,100,1536LDV_MDX[1],1536LDV_DMSO,1536LDV[5],1536LDV_MDX[1],XYZ-717-001,9.520000000000001,uM,DMSO,4,uL,0.01785,uM
34,C18,AE5,15,nL,100,1536LDV_MDX[1],1536LDV_DMSO,1536LDV[5],1536LDV_MDX[1],XYZ-717-001,1000,uM,DMSO,4,uL,3.75,uM
34,C18,AE6,5,nL,100,1536LDV_MDX[1],1536LDV_DMSO,1536LDV[5],1536LDV_MDX[1],XYZ-717-001,1000,uM,DMSO,4,uL,1.25,uM
34,C19,AE7,17.5,nL,100,1536LDV_MDX[1],1536LDV_DMSO,1536LDV[5],1536LDV_MDX[1],XYZ-717-001,100,uM,DMSO,4,uL,0.43750000000000006,uM
34,C19,AE8,5,nL,100,1536LDV_MDX[1],1536LDV_DMSO,1536LDV[5],1536LDV_MDX[1],XYZ-717-001,100,uM,DMSO,4,uL,0.125,uM
34,C20,AE9,20,nL,100,1536LDV_MDX[1],1536LDV_DMSO,1536LDV[5],1536LDV_MDX[1],XYZ-717-001,9.520000000000001,uM,DMSO,4,uL,0.04760000000000001,uM
34,C20,AE10,7.5,nL,100,1536LDV_MDX[1],1536LDV_DMSO,1536LDV[5],1536LDV_MDX[1],XYZ-717-001,9.520000000000001,uM,DMSO,4,uL,0.01785,uM
34,E38,AE15,15,nL,100,1536LDV_MDX[1],1536LDV_DMSO,1536LDV[5],1536LDV_MDX[1],XYZ-832-001,1000,uM,DMSO,4,uL,3.75,uM
34,E38,AE16,5,nL,100,1536LDV_MDX[1],1536LDV_DMSO,1536LDV[5],1536LDV_MDX[1],XYZ-832-001,1000,uM,DMSO,4,uL,1.25,uM
34,E39,AE17,17.5,nL,100,1536LDV_MDX[1],1536LDV_DMSO,1536LDV[5],1536LDV_MDX[1],XYZ-832-001,100,uM,DMSO,4,uL,0.43750000000000006,uM
34,E39,AE18,5,nL,100,1536LDV_MDX[1],1536LDV_DMSO,1536LDV[5],1536LDV_MDX[1],XYZ-832-001,100,uM,DMSO,4,uL,0.125,uM
34,E40,AE19,20,nL,100,1536LDV_MDX[1],1536LDV_DMSO,1536LDV[5],1536LDV_MDX[1],XYZ-832-001,9.520000000000001,uM,DMSO,4,uL,0.04760000000000001,uM
34,E40,AE20,7.5,nL,100,1536LDV_MDX[1],1536LDV_DMSO,1536LDV[5],1536LDV_MDX[1],XYZ-832-001,9.520000000000001,uM,DMSO,4,uL,0.01785,uM
34,E38,AE25,15,nL,100,1536LDV_MDX[1],1536LDV_DMSO,1536LDV[5],1536LDV_MDX[1],XYZ-832-001,1000,uM,DMSO,4,uL,3.75,uM
34,E38,AE26,5,nL,100,1536LDV_MDX[1],1536LDV_DMSO,1536LDV[5],1536LDV_MDX[1],XYZ-832-001,1000,uM,DMSO,4,uL,1.25,uM
34,E39,AE27,17.5,nL,100,1536LDV_MDX[1],1536LDV_DMSO,1536LDV[5],1536LDV_MDX[1],XYZ-832-001,100,uM,DMSO,4,uL,0.43750000000000006,uM
34,E39,AE28,5,nL,100,1536LDV_MDX[1],1536LDV_DMSO,1536LDV[5],1536LDV_MDX[1],XYZ-832-001,100,uM,DMSO,4,uL,0.125,uM
34,E40,AE29,20,nL,100,1536LDV_MDX[1],1536LDV_DMSO,1536LDV[5],1536LDV_MDX[1],XYZ-832-001,9.520000000000001,uM,DMSO,4,uL,0.04760000000000001,uM
34,E40,AE30,7.5,nL,100,1536LDV_MDX[1],1536LDV_DMSO,1536LDV[5],1536LDV_MDX[1],XYZ-832-001,9.520000000000001,uM,DMSO,4,uL,0.01785,uM
34,E38,AE35,15,nL,100,1536LDV_MDX[1],1536LDV_DMSO,1536LDV[5],1536LDV_MDX[1],XYZ-832-001,1000,uM,DMSO,4,uL,3.75,uM
34,E38,AE36,5,nL,100,1536LDV_MDX[1],1536LDV_DMSO,1536LDV[5],1536LDV_MDX[1],XYZ-832-001,1000,uM,DMSO,4,uL,1.25,uM
34,E39,AE37,17.5,nL,100,1536LDV_MDX[1],1536LDV_DMSO,1536LDV[5],1536LDV_MDX[1],XYZ-832-001,100,uM,DMSO,4,uL,0.43750000000000006,uM
34,E39,AE38,5,nL,100,1536LDV_MDX[1],1536LDV_DMSO,1536LDV[5],1536LDV_MDX[1],XYZ-832-001,100,uM,DMSO,4,uL,0.125,uM
34,E40,AE39,20,nL,100,1536LDV_MDX[1],1536LDV_DMSO,1536LDV[5],1536LDV_MDX[1],XYZ-832-001,9.520000000000001,uM,DMSO,4,uL,0.04760000000000001,uM
34,E40,AE40,7.5,nL,100,1536LDV_MDX[1],1536LDV_DMSO,1536LDV[5],1536LDV_MDX[1],XYZ-832-001,9.520000000000001,uM,DMSO,4,uL,0.01785,uM
666,V34,B5,15,nL,101,1536LDV_MDX[2],1536LDV_DMSO,1536LDV[7],1536LDV_MDX[2],XYZ-100-001,1000,uM,DMSO,4,uL,3.75,uM
666,V34,B6,5,nL,101,1536LDV_MDX[2],1536LDV_DMSO,1536LDV[7],1536LDV_MDX[2],XYZ-100-001,1000,uM,DMSO,4,uL,1.25,uM
666,V35,B7,17.5,nL,101,1536LDV_MDX[2],1536LDV_DMSO,1536LDV[7],1536LDV_MDX[2],XYZ-100-001,98.5,uM,DMSO,4,uL,0.43093750000000003,uM
666,V35,B8,5,nL,101,1536LDV_MDX[2],1536LDV_DMSO,1536LDV[7],1536LDV_MDX[2],XYZ-100-001,98.5,uM,DMSO,4,uL,0.123125,uM
666,V36,B9,17.5,nL,101,1536LDV_MDX[2],1536LDV_DMSO,1536LDV[7],1536LDV_MDX[2],XYZ-100-001,10.4,uM,DMSO,4,uL,0.045500000000000006,uM
666,V36,B10,5,nL,101,1536LDV_MDX[2],1536LDV_DMSO,1536LDV[7],1536LDV_MDX[2],XYZ-100-001,10.4,uM,DMSO,4,uL,0.013000000000000001,uM
666,V34,B11,0,nL,101,1536LDV_MDX[2],1536LDV_DMSO,1536LDV[7],1536LDV_MDX[2],XYZ-100-001,1000,uM,DMSO,4,uL,0,uM
666,V34,B15,15,nL,101,1536LDV_MDX[2],1536LDV_DMSO,1536LDV[7],1536LDV_MDX[2],XYZ-100-001,1000,uM,DMSO,4,uL,3.75,uM
666,V34,B16,5,nL,101,1536LDV_MDX[2],1536LDV_DMSO,1536LDV[7],1536LDV_MDX[2],XYZ-100-001,1000,uM,DMSO,4,uL,1.25,uM
666,V35,B17,17.5,nL,101,1536LDV_MDX[2],1536LDV_DMSO,1536LDV[7],1536LDV_MDX[2],XYZ-100-001,98.5,uM,DMSO,4,uL,0.43093750000000003,uM
666,V35,B18,5,nL,101,1536LDV_MDX[2],1536LDV_DMSO,1536LDV[7],1536LDV_MDX[2],XYZ-100-001,98.5,uM,DMSO,4,uL,0.123125,uM
666,V36,B19,17.5,nL,101,1536LDV_MDX[2],1536LDV_DMSO,1536LDV[7],1536LDV_MDX[2],XYZ-100-001,10.4,uM,DMSO,4,uL,0.045500000000000006,uM
666,V36,B20,5,nL,101,1536LDV_MDX[2],1536LDV_DMSO,1536LDV[7],1536LDV_MDX[2],XYZ-100-001,10.4,uM,DMSO,4,uL,0.013000000000000001,uM
666,V34,B21,0,nL,101,1536LDV_MDX[2],1536LDV_DMSO,1536LDV[7],1536LDV_MDX[2],XYZ-100-001,1000,uM,DMSO,4,uL,0,uM
666,V34,B25,15,nL,101,1536LDV_MDX[2],1536LDV_DMSO,1536LDV[7],1536LDV_MDX[2],XYZ-100-001,1000,uM,DMSO,4,uL,3.75,uM
666,V34,B26,5,nL,101,1536LDV_MDX[2],1536LDV_DMSO,1536LDV[7],1536LDV_MDX[2],XYZ-100-001,1000,uM,DMSO,4,uL,1.25,uM
666,V35,B27,17.5,nL,101,1536LDV_MDX[2],1536LDV_DMSO,1536LDV[7],1536LDV_MDX[2],XYZ-100-001,98.5,uM,DMSO,4,uL,0.43093750000000003,uM
666,V35,B28,5,nL,101,1536LDV_MDX[2],1536LDV_DMSO,1536LDV[7],1536LDV_MDX[2],XYZ-100-001,98.5,uM,DMSO,4,uL,0.123125,uM
666,V36,B29,17.5,nL,101,1536LDV_MDX[2],1536LDV_DMSO,1536LDV[7],1536LDV_MDX[2],XYZ-100-001,10.4,uM,DMSO,4,uL,0.045500000000000006,uM
666,V36,B30,5,nL,101,1536LDV_MDX[2],1536LDV_DMSO,1536LDV[7],1536LDV_MDX[2],XYZ-100-001,10.4,uM,DMSO,4,uL,0.013000000000000001,uM
666,V34,B31,0,nL,101,1536LDV_MDX[2],1536LDV_DMSO,1536LDV[7],1536LDV_MDX[2],XYZ-100-001,1000,uM,DMSO,4,uL,0,uM
666,V40,B35,15,nL,101,1536LDV_MDX[2],1536LDV_DMSO,1536LDV[7],1536LDV_MDX[2],XYZ-102-001,1000,uM,DMSO,4,uL,3.75,uM
666,V40,B36,5,nL,101,1536LDV_MDX[2],1536LDV_DMSO,1536LDV[7],1536LDV_MDX[2],XYZ-102-001,1000,uM,DMSO,4,uL,1.25,uM
666,V41,B37,17.5,nL,101,1536LDV_MDX[2],1536LDV_DMSO,1536LDV[7],1536LDV_MDX[2],XYZ-102-001,101,uM,DMSO,4,uL,0.441875,uM
666,V41,B38,5,nL,101,1536LDV_MDX[2],1536LDV_DMSO,1536LDV[7],1536LDV_MDX[2],XYZ-102-001,101,uM,DMSO,4,uL,0.12625,uM
666,V42,B39,20,nL,101,1536LDV_MDX[2],1536LDV_DMSO,1536LDV[7],1536LDV_MDX[2],XYZ-102-001,9.67,uM,DMSO,4,uL,0.048350000000000004,uM
666,V42,B40,7.5,nL,101,1536LDV_MDX[2],1536LDV_DMSO,1536LDV[7],1536LDV_MDX[2],XYZ-102-001,9.67,uM,DMSO,4,uL,0.018131249999999998,uM
666,V40,B41,0,nL,101,1536LDV_MDX[2],1536LDV_DMSO,1536LDV[7],1536LDV_MDX[2],XYZ-102-001,1000,uM,DMSO,4,uL,0,uM
666,V40,C5,15,nL,101,1536LDV_MDX[2],1536LDV_DMSO,1536LDV[7],1536LDV_MDX[2],XYZ-102-001,1000,uM,DMSO,4,uL,3.75,uM
666,V40,C6,5,nL,101,1536LDV_MDX[2],1536LDV_DMSO,1536LDV[7],1536LDV_MDX[2],XYZ-102-001,1000,uM,DMSO,4,uL,1.25,uM
666,V41,C7,17.5,nL,101,1536LDV_MDX[2],1536LDV_DMSO,1536LDV[7],1536LDV_MDX[2],XYZ-102-001,101,uM,DMSO,4,uL,0.441875,uM
666,V41,C8,5,nL,101,1536LDV_MDX[2],1536LDV_DMSO,1536LDV[7],1536LDV_MDX[2],XYZ-102-001,101,uM,DMSO,4,uL,0.12625,uM
666,V42,C9,20,nL,101,1536LDV_MDX[2],1536LDV_DMSO,1536LDV[7],1536LDV_MDX[2],XYZ-102-001,9.67,uM,DMSO,4,uL,0.048350000000000004,uM
666,V42,C10,7.5,nL,101,1536LDV_MDX[2],1536LDV_DMSO,1536LDV[7],1536LDV_MDX[2],XYZ-102-001,9.67,uM,DMSO,4,uL,0.018131249999999998,uM
666,V40,C11,0,nL,101,1536LDV_MDX[2],1536LDV_DMSO,1536LDV[7],1536LDV_MDX[2],XYZ-102-001,1000,uM,DMSO,4,uL,0,uM
666,V40,C15,15,nL,101,1536LDV_MDX[2],1536LDV_DMSO,1536LDV[7],1536LDV_MDX[2],XYZ-102-001,1000,uM,DMSO,4,uL,3.75,uM
666,V40,C16,5,nL,101,1536LDV_MDX[2],1536LDV_DMSO,1536LDV[7],1536LDV_MDX[2],XYZ-102-001,1000,uM,DMSO,4,uL,1.25,uM
666,V41,C17,17.5,nL,101,1536LDV_MDX[2],1536LDV_DMSO,1536LDV[7],1536LDV_MDX[2],XYZ-102-001,101,uM,DMSO,4,uL,0.441875,uM
666,V41,C18,5,nL,101,1536LDV_MDX[2],1536LDV_DMSO,1536LDV[7],1536LDV_MDX[2],XYZ-102-001,101,uM,DMSO,4,uL,0.12625,uM
666,V42,C19,20,nL,101,1536LDV_MDX[2],1536LDV_DMSO,1536LDV[7],1536LDV_MDX[2],XYZ-102-001,9.67,uM,DMSO,4,uL,0.048350000000000004,uM
666,V42,C20,7.5,nL,101,1536LDV_MDX[2],1536LDV_DMSO,1536LDV[7],1536LDV_MDX[2],XYZ-102-001,9.67,uM,DMSO,4,uL,0.018131249999999998,uM
666,V40,C21,0,nL,101,1536LDV_MDX[2],1536LDV_DMSO,1536LDV[7],1536LDV_MDX[2],XYZ-102-001,1000,uM,DMSO,4,uL,0,uM
666,X09,C25,15,nL,101,1536LDV_MDX[2],1536LDV_DMSO,1536LDV[7],1536LDV_MDX[2],XYZ-213-001,1000,uM,DMSO,4,uL,3.75,uM
666,X09,C26,5,nL,101,1536LDV_MDX[2],1536LDV_DMSO,1536LDV[7],1536LDV_MDX[2],XYZ-213-001,1000,uM,DMSO,4,uL,1.25,uM
666,X10,C27,17.5,nL,101,1536LDV_MDX[2],1536LDV_DMSO,1536LDV[7],1536LDV_MDX[2],XYZ-213-001,99.6,uM,DMSO,4,uL,0.43575,uM
666,X10,C28,5,nL,101,1536LDV_MDX[2],1536LDV_DMSO,1536LDV[7],1536LDV_MDX[2],XYZ-213-001,99.6,uM,DMSO,4,uL,0.1245,uM
666,X11,C29,20,nL,101,1536LDV_MDX[2],1536LDV_DMSO,1536LDV[7],1536LDV_MDX[2],XYZ-213-001,9.49,uM,DMSO,4,uL,0.04745,uM
666,X11,C30,7.5,nL,101,1536LDV_MDX[2],1536LDV_DMSO,1536LDV[7],1536LDV_MDX[2],XYZ-213-001,9.49,uM,DMSO,4,uL,0.01779375,uM
666,X09,C31,0,nL,101,1536LDV_MDX[2],1536LDV_DMSO,1536LDV[7],1536LDV_MDX[2],XYZ-213-001,1000,uM,DMSO,4,uL,0,uM
666,X09,C35,15,nL,101,1536LDV_MDX[2],1536LDV_DMSO,1536LDV[7],1536LDV_MDX[2],XYZ-213-001,1000,uM,DMSO,4,uL,3.75,uM
666,X09,C36,5,nL,101,1536LDV_MDX[2],1536LDV_DMSO,1536LDV[7],1536LDV_MDX[2],XYZ-213-001,1000,uM,DMSO,4,uL,1.25,uM
666,X10,C37,17.5,nL,101,1536LDV_MDX[2],1536LDV_DMSO,1536LDV[7],1536LDV_MDX[2],XYZ-213-001,99.6,uM,DMSO,4,uL,0.43575,uM
666,X10,C38,5,nL,101,1536LDV_MDX[2],1536LDV_DMSO,1536LDV[7],1536LDV_MDX[2],XYZ-213-001,99.6,uM,DMSO,4,uL,0.1245,uM
666,X11,C39,20,nL,101,1536LDV_MDX[2],1536LDV_DMSO,1536LDV[7],1536LDV_MDX[2],XYZ-213-001,9.49,uM,DMSO,4,uL,0.04745,uM
666,X11,C40,7.5,nL,101,1536LDV_MDX[2],1536LDV_DMSO,1536LDV[7],1536LDV_MDX[2],XYZ-213-001,9.49,uM,DMSO,4,uL,0.01779375,uM
666,X09,C41,0,nL,101,1536LDV_MDX[2],1536LDV_DMSO,1536LDV[7],1536LDV_MDX[2],XYZ-213-001,1000,uM,DMSO,4,uL,0,uM
666,X09,D5,15,nL,101,1536LDV_MDX[2],1536LDV_DMSO,1536LDV[7],1536LDV_MDX[2],XYZ-213-001,1000,uM,DMSO,4,uL,3.75,uM
666,X09,D6,5,nL,101,1536LDV_MDX[2],1536LDV_DMSO,1536LDV[7],1536LDV_MDX[2],XYZ-213-001,1000,uM,DMSO,4,uL,1.25,uM
666,X10,D7,17.5,nL,101,1536LDV_MDX[2],1536LDV_DMSO,1536LDV[7],1536LDV_MDX[2],XYZ-213-001,99.6,uM,DMSO,4,uL,0.43575,uM
666,X10,D8,5,nL,101,1536LDV_MDX[2],1536LDV_DMSO,1536LDV[7],1536LDV_MDX[2],XYZ-213-001,99.6,uM,DMSO,4,uL,0.1245,uM
666,X11,D9,20,nL,101,1536LDV_MDX[2],1536LDV_DMSO,1536LDV[7],1536LDV_MDX[2],XYZ-213-001,9.49,uM,DMSO,4,uL,0.04745,uM
666,X11,D10,7.5,nL,101,1536LDV_MDX[2],1536LDV_DMSO,1536LDV[7],1536LDV_MDX[2],XYZ-213-001,9.49,uM,DMSO,4,uL,0.01779375,uM
666,X09,D11,0,nL,101,1536LDV_MDX[2],1536LDV_DMSO,1536LDV[7],1536LDV_MDX[2],XYZ-213-001,1000,uM,DMSO,4,uL,0,uM
666,M22,D15,15,nL,101,1536LDV_MDX[2],1536LDV_DMSO,1536LDV[7],1536LDV_MDX[2],XYZ-6-001,999,uM,DMSO,4,uL,3.74625,uM
666,M22,D16,5,nL,101,1536LDV_MDX[2],1536LDV_DMSO,1536LDV[7],1536LDV_MDX[2],XYZ-6-001,999,uM,DMSO,4,uL,1.24875,uM
666,M23,D17,17.5,nL,101,1536LDV_MDX[2],1536LDV_DMSO,1536LDV[7],1536LDV_MDX[2],XYZ-6-001,101,uM,DMSO,4,uL,0.441875,uM
666,M23,D18,5,nL,101,1536LDV_MDX[2],1536LDV_DMSO,1536LDV[7],1536LDV_MDX[2],XYZ-6-001,101,uM,DMSO,4,uL,0.12625,uM
666,M24,D19,20,nL,101,1536LDV_MDX[2],1536LDV_DMSO,1536LDV[7],1536LDV_MDX[2],XYZ-6-001,9.6,uM,DMSO,4,uL,0.048,uM
666,M24,D20,7.5,nL,101,1536LDV_MDX[2],1536LDV_DMSO,1536LDV[7],1536LDV_MDX[2],XYZ-6-001,9.6,uM,DMSO,4,uL,0.018,uM
666,M22,D21,0,nL,101,1536LDV_MDX[2],1536LDV_DMSO,1536LDV[7],1536LDV_MDX[2],XYZ-6-001,999,uM,DMSO,4,uL,0,uM
666,M22,D25,15,nL,101,1536LDV_MDX[2],1536LDV_DMSO,1536LDV[7],1536LDV_MDX[2],XYZ-6-001,999,uM,DMSO,4,uL,3.74625,uM
666,M22,D26,5,nL,101,1536LDV_MDX[2],1536LDV_DMSO,1536LDV[7],1536LDV_MDX[2],XYZ-6-001,999,uM,DMSO,4,uL,1.24875,uM
666,M23,D27,17.5,nL,101,1536LDV_MDX[2],1536LDV_DMSO,1536LDV[7],1536LDV_MDX[2],XYZ-6-001,101,uM,DMSO,4,uL,0.441875,uM
666,M23,D28,5,nL,101,1536LDV_MDX[2],1536LDV_DMSO,1536LDV[7],1536LDV_MDX[2],XYZ-6-001,101,uM,DMSO,4,uL,0.12625,uM
666,M24,D29,20,nL,101,1536LDV_MDX[2],1536LDV_DMSO,1536LDV[7],1536LDV_MDX[2],XYZ-6-001,9.6,uM,DMSO,4,uL,0.048,uM
666,M24,D30,7.5,nL,101,1536LDV_MDX[2],1536LDV_DMSO,1536LDV[7],1536LDV_MDX[2],XYZ-6-001,9.6,uM,DMSO,4,uL,0.018,uM
666,M22,D31,0,nL,101,1536LDV_MDX[2],1536LDV_DMSO,1536LDV[7],1536LDV_MDX[2],XYZ-6-001,999,uM,DMSO,4,uL,0,uM
666,M22,D35,15,nL,101,1536LDV_MDX[2],1536LDV_DMSO,1536LDV[7],1536LDV_MDX[2],XYZ-6-001,999,uM,DMSO,4,uL,3.74625,uM
666,M22,D36,5,nL,101,1536LDV_MDX[2],1536LDV_DMSO,1536LDV[7],1536LDV_MDX[2],XYZ-6-001,999,uM,DMSO,4,uL,1.24875,uM
666,M23,D37,17.5,nL,101,1536LDV_MDX[2],1536LDV_DMSO,1536LDV[7],1536LDV_MDX[2],XYZ-6-001,101,uM,DMSO,4,uL,0.441875,uM
666,M23,D38,5,nL,101,1536LDV_MDX[2],1536LDV_DMSO,1536LDV[7],1536LDV_MDX[2],XYZ-6-001,101,uM,DMSO,4,uL,0.12625,uM
666,M24,D39,20,nL,101,1536LDV_MDX[2],1536LDV_DMSO,1536LDV[7],1536LDV_MDX[2],XYZ-6-001,9.6,uM,DMSO,4,uL,0.048,uM
666,M24,D40,7.5,nL,101,1536LDV_MDX[2],1536LDV_DMSO,1536LDV[7],1536LDV_MDX[2],XYZ-6-001,9.6,uM,DMSO,4,uL,0.018,uM
666,M22,D41,0,nL,101,1536LDV_MDX[2],1536LDV_DMSO,1536LDV[7],1536LDV_MDX[2],XYZ-6-001,999,uM,DMSO,4,uL,0,uM
666,R33,E5,15,nL,101,1536LDV_MDX[2],1536LDV_DMSO,1536LDV[7],1536LDV_MDX[2],XYZ-66-001,1000,uM,DMSO,4,uL,3.75,uM
666,R33,E6,5,nL,101,1536LDV_MDX[2],1536LDV_DMSO,1536LDV[7],1536LDV_MDX[2],XYZ-66-001,1000,uM,DMSO,4,uL,1.25,uM
666,R34,E7,17.5,nL,101,1536LDV_MDX[2],1536LDV_DMSO,1536LDV[7],1536LDV_MDX[2],XYZ-66-001,99.7,uM,DMSO,4,uL,0.43618750000000006,uM
666,R34,E8,5,nL,101,1536LDV_MDX[2],1536LDV_DMSO,1536LDV[7],1536LDV_MDX[2],XYZ-66-001,99.7,uM,DMSO,4,uL,0.124625,uM
666,R35,E9,20,nL,101,1536LDV_MDX[2],1536LDV_DMSO,1536LDV[7],1536LDV_MDX[2],XYZ-66-001,9.5,uM,DMSO,4,uL,0.0475,uM
666,R35,E10,7.5,nL,101,1536LDV_MDX[2],1536LDV_DMSO,1536LDV[7],1536LDV_MDX[2],XYZ-66-001,9.5,uM,DMSO,4,uL,0.0178125,uM
666,R33,E11,0,nL,101,1536LDV_MDX[2],1536LDV_DMSO,1536LDV[7],1536LDV_MDX[2],XYZ-66-001,1000,uM,DMSO,4,uL,0,uM
666,R33,E15,15,nL,101,1536LDV_MDX[2],1536LDV_DMSO,1536LDV[7],1536LDV_MDX[2],XYZ-66-001,1000,uM,DMSO,4,uL,3.75,uM
666,R33,E16,5,nL,101,1536LDV_MDX[2],1536LDV_DMSO,1536LDV[7],1536LDV_MDX[2],XYZ-66-001,1000,uM,DMSO,4,uL,1.25,uM
666,R34,E17,17.5,nL,101,1536LDV_MDX[2],1536LDV_DMSO,1536LDV[7],1536LDV_MDX[2],XYZ-66-001,99.7,uM,DMSO,4,uL,0.43618750000000006,uM
666,R34,E18,5,nL,101,1536LDV_MDX[2],1536LDV_DMSO,1536LDV[7],1536LDV_MDX[2],XYZ-66-001,99.7,uM,DMSO,4,uL,0.124625,uM
666,R35,E19,20,nL,101,1536LDV_MDX[2],1536LDV_DMSO,1536LDV[7],1536LDV_MDX[2],XYZ-66-001,9.5,uM,DMSO,4,uL,0.0475,uM
666,R35,E20,7.5,nL,101,1536LDV_MDX[2],1536LDV_DMSO,1536LDV[7],1536LDV_MDX[2],XYZ-66-001,9.5,uM,DMSO,4,uL,0.0178125,uM
666,R33,E21,0,nL,101,1536LDV_MDX[2],1536LDV_DMSO,1536LDV[7],1536LDV_MDX[2],XYZ-66-001,1000,uM,DMSO,4,uL,0,uM
666,R33,E25,15,nL,101,1536LDV_MDX[2],1536LDV_DMSO,1536LDV[7],1536LDV_MDX[2],XYZ-66-001,1000,uM,DMSO,4,uL,3.75,uM
666,R33,E26,5,nL,101,1536LDV_MDX[2],1536LDV_DMSO,1536LDV[7],1536LDV_MDX[2],XYZ-66-001,1000,uM,DMSO,4,uL,1.25,uM
666,R34,E27,17.5,nL,101,1536LDV_MDX[2],1536LDV_DMSO,1536LDV[7],1536LDV_MDX[2],XYZ-66-001,99.7,uM,DMSO,4,uL,0.43618750000000006,uM
666,R34,E28,5,nL,101,1536LDV_MDX[2],1536LDV_DMSO,1536LDV[7],1536LDV_MDX[2],XYZ-66-001,99.7,uM,DMSO,4,uL,0.124625,uM
666,R35,E29,20,nL,101,1536LDV_MDX[2],1536LDV_DMSO,1536LDV[7],1536LDV_MDX[2],XYZ-66-001,9.5,uM,DMSO,4,uL,0.0475,uM
666,R35,E30,7.5,nL,101,1536LDV_MDX[2],1536LDV_DMSO,1536LDV[7],1536LDV_MDX[2],XYZ-66-001,9.5,uM,DMSO,4,uL,0.0178125,uM
666,R33,E31,0,nL,101,1536LDV_MDX[2],1536LDV_DMSO,1536LDV[7],1536LDV_MDX[2],XYZ-66-001,1000,uM,DMSO,4,uL,0,uM
666,M31,E35,15,nL,101,1536LDV_MDX[2],1536LDV_DMSO,1536LDV[7],1536LDV_MDX[2],XYZ-7-001,1000,uM,DMSO,4,uL,3.75,uM
666,M31,E36,5,nL,101,1536LDV_MDX[2],1536LDV_DMSO,1536LDV[7],1536LDV_MDX[2],XYZ-7-001,1000,uM,DMSO,4,uL,1.25,uM
666,M32,E37,17.5,nL,101,1536LDV_MDX[2],1536LDV_DMSO,1536LDV[7],1536LDV_MDX[2],XYZ-7-001,101,uM,DMSO,4,uL,0.441875,uM
666,M32,E38,5,nL,101,1536LDV_MDX[2],1536LDV_DMSO,1536LDV[7],1536LDV_MDX[2],XYZ-7-001,101,uM,DMSO,4,uL,0.12625,uM
666,M33,E39,20,nL,101,1536LDV_MDX[2],1536LDV_DMSO,1536LDV[7],1536LDV_MDX[2],XYZ-7-001,9.67,uM,DMSO,4,uL,0.048350000000000004,uM
666,M33,E40,7.5,nL,101,1536LDV_MDX[2],1536LDV_DMSO,1536LDV[7],1536LDV_MDX[2],XYZ-7-001,9.67,uM,DMSO,4,uL,0.018131249999999998,uM
666,M31,E41,0,nL,101,1536LDV_MDX[2],1536LDV_DMSO,1536LDV[7],1536LDV_MDX[2],XYZ-7-001,1000,uM,DMSO,4,uL,0,uM
666,M31,F5,15,nL,101,1536LDV_MDX[2],1536LDV_DMSO,1536LDV[7],1536LDV_MDX[2],XYZ-7-001,1000,uM,DMSO,4,uL,3.75,uM
666,M31,F6,5,nL,101,1536LDV_MDX[2],1536LDV_DMSO,1536LDV[7],1536LDV_MDX[2],XYZ-7-001,1000,uM,DMSO,4,uL,1.25,uM
666,M32,F7,17.5,nL,101,1536LDV_MDX[2],1536LDV_DMSO,1536LDV[7],1536LDV_MDX[2],XYZ-7-001,101,uM,DMSO,4,uL,0.441875,uM
666,M32,F8,5,nL,101,1536LDV_MDX[2],1536LDV_DMSO,1536LDV[7],1536LDV_MDX[2],XYZ-7-001,101,uM,DMSO,4,uL,0.12625,uM
666,M33,F9,20,nL,101,1536LDV_MDX[2],1536LDV_DMSO,1536LDV[7],1536LDV_MDX[2],XYZ-7-001,9.67,uM,DMSO,4,uL,0.048350000000000004,uM
666,M33,F10,7.5,nL,101,1536LDV_MDX[2],1536LDV_DMSO,1536LDV[7],1536LDV_MDX[2],XYZ-7-001,9.67,uM,DMSO,4,uL,0.018131249999999998,uM
666,M31,F11,0,nL,101,1536LDV_MDX[2],1536LDV_DMSO,1536LDV[7],1536LDV_MDX[2],XYZ-7-001,1000,uM,DMSO,4,uL,0,uM
666,M31,F15,15,nL,101,1536LDV_MDX[2],1536LDV_DMSO,1536LDV[7],1536LDV_MDX[2],XYZ-7-001,1000,uM,DMSO,4,uL,3.75,uM
666,M31,F16,5,nL,101,1536LDV_MDX[2],1536LDV_DMSO,1536LDV[7],1536LDV_MDX[2],XYZ-7-001,1000,uM,DMSO,4,uL,1.25,uM
666,M32,F17,17.5,nL,101,1536LDV_MDX[2],1536LDV_DMSO,1536LDV[7],1536LDV_MDX[2],XYZ-7-001,101,uM,DMSO,4,uL,0.441875,uM
666,M32,F18,5,nL,101,1536LDV_MDX[2],1536LDV_DMSO,1536LDV[7],1536LDV_MDX[2],XYZ-7-001,101,uM,DMSO,4,uL,0.12625,uM
666,M33,F19,20,nL,101,1536LDV_MDX[2],1536LDV_DMSO,1536LDV[7],1536LDV_MDX[2],XYZ-7-001,9.67,uM,DMSO,4,uL,0.048350000000000004,uM
666,M33,F20,7.5,nL,101,1536LDV_MDX[2],1536LDV_DMSO,1536LDV[7],1536LDV_MDX[2],XYZ-7-001,9.67,uM,DMSO,4,uL,0.018131249999999998,uM
666,M31,F21,0,nL,101,1536LDV_MDX[2],1536LDV_DMSO,1536LDV[7],1536LDV_MDX[2],XYZ-7-001,1000,uM,DMSO,4,uL,0,uM
