Source Plate Barcode,Source Well,Destination Well,Transfer Volume,Transfer Volume Unit,Destination Plate Barcode,Destination Plate Type,Source Plate Type,Source Plate Name,Destination Plate Name,Sample Name,Stock Concentration,Stock Concentration Unit,Solvent,Final Volume,Final Volume Unit,Final Concentration,Final Concentration Unit
0,X1,B2,40,nL,100,1536LDV_MDX[1],384PP_AQ_CP,384PP[1],1536LDV_MDX[1],XYZ-581-001,10000,uM,H2O,4,uL,100,uM
0,X1,B3,12.5,nL,100,1536LDV_MDX[1],384PP_AQ_CP,384PP[1],1536LDV_MDX[1],XYZ-581-001,10000,uM,H2O,4,uL,31.25,uM
0,X1,B4,5,nL,100,1536LDV_MDX[1],384PP_AQ_CP,384PP[1],1536LDV_MDX[1],XYZ-581-001,10000,uM,H2O,4,uL,12.5,uM
0,X2,B5,15,nL,100,1536LDV_MDX[1],384PP_AQ_CP,384PP[1],1536LDV_MDX[1],XYZ-581-001,1000,uM,H2O,4,uL,3.75,uM
0,X2,B6,5,nL,100,1536LDV_MDX[1],384PP_AQ_CP,384PP[1],1536LDV_MDX[1],XYZ-581-001,1000,uM,H2O,4,uL,1.25,uM
0,X3,B7,17.5,nL,100,1536LDV_MDX[1],384PP_AQ_CP,384PP[1],1536LDV_MDX[1],XYZ-581-001,100,uM,H2O,4,uL,0.43750000000000006,uM
0,X3,B8,5,nL,100,1536LDV_MDX[1],384PP_AQ_CP,384PP[1],1536LDV_MDX[1],XYZ-581-001,100,uM,H2O,4,uL,0.125,uM
0,X4,B9,17.5,nL,100,1536LDV_MDX[1],384PP_AQ_CP,384PP[1],1536LDV_MDX[1],XYZ-581-001,10,uM,H2O,4,uL,0.043750000000000004,uM
0,X1,B10,0,nL,100,1536LDV_MDX[1],384PP_AQ_CP,384PP[1],1536LDV_MDX[1],XYZ-581-001,10000,uM,H2O,4,uL,0,uM
0,X1,B11,0,nL,100,1536LDV_MDX[1],384PP_AQ_CP,384PP[1],1536LDV_MDX[1],XYZ-581-001,10000,uM,H2O,4,uL,0,uM
0,X1,B12,40,nL,100,1536LDV_MDX[1],384PP_AQ_CP,384PP[1],1536LDV_MDX[1],XYZ-581-001,10000,uM,H2O,4,uL,100,uM
0,X1,B13,12.5,nL,100,1536LDV_MDX[1],384PP_AQ_CP,384PP[1],1536LDV_MDX[1],XYZ-581-001,10000,uM,H2O,4,uL,31.25,uM
0,X1,B14,5,nL,100,1536LDV_MDX[1],384PP_AQ_CP,384PP[1],1536LDV_MDX[1],XYZ-581-001,10000,uM,H2O,4,uL,12.5,uM
0,X2,B15,15,nL,100,1536LDV_MDX[1],384PP_AQ_CP,384PP[1],1536LDV_MDX[1],XYZ-581-001,1000,uM,H2O,4,uL,3.75,uM
0,X2,B16,5,nL,100,1536LDV_MDX[1],384PP_AQ_CP,384PP[1],1536LDV_MDX[1],XYZ-581-001,1000,uM,H2O,4,uL,1.25,uM
0,X3,B17,17.5,nL,100,1536LDV_MDX[1],384PP_AQ_CP,384PP[1],1536LDV_MDX[1],XYZ-581-001,100,uM,H2O,4,uL,0.43750000000000006,uM
0,X3,B18,5,nL,100,1536LDV_MDX[1],384PP_AQ_CP,384PP[1],1536LDV_MDX[1],XYZ-581-001,100,uM,H2O,4,uL,0.125,uM
0,X4,B19,17.5,nL,100,1536LDV_MDX[1],384PP_AQ_CP,384PP[1],1536LDV_MDX[1],XYZ-581-001,10,uM,H2O,4,uL,0.043750000000000004,uM
0,X1,B20,0,nL,100,1536LDV_MDX[1],384PP_AQ_CP,384PP[1],1536LDV_MDX[1],XYZ-581-001,10000,uM,H2O,4,uL,0,uM
0,X1,B21,0,nL,100,1536LDV_MDX[1],384PP_AQ_CP,384PP[1],1536LDV_MDX[1],XYZ-581-001,10000,uM,H2O,4,uL,0,uM
0,X1,B22,40,nL,100,1536LDV_MDX[1],384PP_AQ_CP,384PP[1],1536LDV_MDX[1],XYZ-581-001,10000,uM,H2O,4,uL,100,uM
0,X1,B23,12.5,nL,100,1536LDV_MDX[1],384PP_AQ_CP,384PP[1],1536LDV_MDX[1],XYZ-581-001,10000,uM,H2O,4,uL,31.25,uM
0,X1,B24,5,nL,100,1536LDV_MDX[1],384PP_AQ_CP,384PP[1],1536LDV_MDX[1],XYZ-581-001,10000,uM,H2O,4,uL,12.5,uM
0,X2,B25,15,nL,100,1536LDV_MDX[1],384PP_AQ_CP,384PP[1],1536LDV_MDX[1],XYZ-581-001,1000,uM,H2O,4,uL,3.75,uM
0,X2,B26,5,nL,100,1536LDV_MDX[1],384PP_AQ_CP,384PP[1],1536LDV_MDX[1],XYZ-581-001,1000,uM,H2O,4,uL,1.25,uM
0,X3,B27,17.5,nL,100,1536LDV_MDX[1],384PP_AQ_CP,384PP[1],1536LDV_MDX[1],XYZ-581-001,100,uM,H2O,4,uL,0.43750000000000006,uM
0,X3,B28,5,nL,100,1536LDV_MDX[1],384PP_AQ_CP,384PP[1],1536LDV_MDX[1],XYZ-581-001,100,uM,H2O,4,uL,0.125,uM
0,X4,B29,17.5,nL,100,1536LDV_MDX[1],384PP_AQ_CP,384PP[1],1536LDV_MDX[1],XYZ-581-001,10,uM,H2O,4,uL,0.043750000000000004,uM
0,X1,B30,0,nL,100,1536LDV_MDX[1],384PP_AQ_CP,384PP[1],1536LDV_MDX[1],XYZ-581-001,10000,uM,H2O,4,uL,0,uM
0,X1,B31,0,nL,100,1536LDV_MDX[1],384PP_AQ_CP,384PP[1],1536LDV_MDX[1],XYZ-581-001,10000,uM,H2O,4,uL,0,uM
1,C09,H2,40,nL,100,1536LDV_MDX[1],384PP_DMSO2,384PP[2],1536LDV_MDX[1],XYZ-457-001,10000,uM,DMSO,4,uL,100,uM
1,C09,H3,12.5,nL,100,1536LDV_MDX[1],384PP_DMSO2,384PP[2],1536LDV_MDX[1],XYZ-457-001,10000,uM,DMSO,4,uL,31.25,uM
1,C09,H4,5,nL,100,1536LDV_MDX[1],384PP_DMSO2,384PP[2],1536LDV_MDX[1],XYZ-457-001,10000,uM,DMSO,4,uL,12.5,uM
1,G09,H5,15,nL,100,1536LDV_MDX[1],384PP_DMSO2,384PP[2],1536LDV_MDX[1],XYZ-457-001,1000,uM,DMSO,4,uL,3.75,uM
1,G09,H6,5,nL,100,1536LDV_MDX[1],384PP_DMSO2,384PP[2],1536LDV_MDX[1],XYZ-457-001,1000,uM,DMSO,4,uL,1.25,uM
1,K09,H7,17.5,nL,100,1536LDV_MDX[1],384PP_DMSO2,384PP[2],1536LDV_MDX[1],XYZ-457-001,100,uM,DMSO,4,uL,0.43750000000000006,uM
1,K09,H8,5,nL,100,1536LDV_MDX[1],384PP_DMSO2,384PP[2],1536LDV_MDX[1],XYZ-457-001,100,uM,DMSO,4,uL,0.125,uM
1,O09,H9,17.5,nL,100,1536LDV_MDX[1],384PP_DMSO2,384PP[2],1536LDV_MDX[1],XYZ-457-001,10,uM,DMSO,4,uL,0.043750000000000004,uM
1,C09,H10,0,nL,100,1536LDV_MDX[1],384PP_DMSO2,384PP[2],1536LDV_MDX[1],XYZ-457-001,10000,uM,DMSO,4,uL,0,uM
1,C09,H11,0,nL,100,1536LDV_MDX[1],384PP_DMSO2,384PP[2],1536LDV_MDX[1],XYZ-457-001,10000,uM,DMSO,4,uL,0,uM
1,C09,H12,40,nL,100,1536LDV_MDX[1],384PP_DMSO2,384PP[2],1536LDV_MDX[1],XYZ-457-001,10000,uM,DMSO,4,uL,100,uM
1,C09,H13,12.5,nL,100,1536LDV_MDX[1],384PP_DMSO2,384PP[2],1536LDV_MDX[1],XYZ-457-001,10000,uM,DMSO,4,uL,31.25,uM
1,C09,H14,5,nL,100,1536LDV_MDX[1],384PP_DMSO2,384PP[2],1536LDV_MDX[1],XYZ-457-001,10000,uM,DMSO,4,uL,12.5,uM
1,G09,H15,15,nL,100,1536LDV_MDX[1],384PP_DMSO2,384PP[2],1536LDV_MDX[1],XYZ-457-001,1000,uM,DMSO,4,uL,3.75,uM
1,G09,H16,5,nL,100,1536LDV_MDX[1],384PP_DMSO2,384PP[2],1536LDV_MDX[1],XYZ-457-001,1000,uM,DMSO,4,uL,1.25,uM
1,K09,H17,17.5,nL,100,1536LDV_MDX[1],384PP_DMSO2,384PP[2],1536LDV_MDX[1],XYZ-457-001,100,uM,DMSO,4,uL,0.43750000000000006,uM
1,K09,H18,5,nL,100,1536LDV_MDX[1],384PP_DMSO2,384PP[2],1536LDV_MDX[1],XYZ-457-001,100,uM,DMSO,4,uL,0.125,uM
1,O09,H19,17.5,nL,100,1536LDV_MDX[1],384PP_DMSO2,384PP[2],1536LDV_MDX[1],XYZ-457-001,10,uM,DMSO,4,uL,0.043750000000000004,uM
1,C09,H20,0,nL,100,1536LDV_MDX[1],384PP_DMSO2,384PP[2],1536LDV_MDX[1],XYZ-457-001,10000,uM,DMSO,4,uL,0,uM
1,C09,H21,0,nL,100,1536LDV_MDX[1],384PP_DMSO2,384PP[2],1536LDV_MDX[1],XYZ-457-001,10000,uM,DMSO,4,uL,0,uM
1,C09,H22,40,nL,100,1536LDV_MDX[1],384PP_DMSO2,384PP[2],1536LDV_MDX[1],XYZ-457-001,10000,uM,DMSO,4,uL,100,uM
1,C09,H23,12.5,nL,100,1536LDV_MDX[1],384PP_DMSO2,384PP[2],1536LDV_MDX[1],XYZ-457-001,10000,uM,DMSO,4,uL,31.25,uM
1,C09,H24,5,nL,100,1536LDV_MDX[1],384PP_DMSO2,384PP[2],1536LDV_MDX[1],XYZ-457-001,10000,uM,DMSO,4,uL,12.5,uM
1,G09,H25,15,nL,100,1536LDV_MDX[1],384PP_DMSO2,384PP[2],1536LDV_MDX[1],XYZ-457-001,1000,uM,DMSO,4,uL,3.75,uM
1,G09,H26,5,nL,100,1536LDV_MDX[1],384PP_DMSO2,384PP[2],1536LDV_MDX[1],XYZ-457-001,1000,uM,DMSO,4,uL,1.25,uM
1,K09,H27,17.5,nL,100,1536LDV_MDX[1],384PP_DMSO2,384PP[2],1536LDV_MDX[1],XYZ-457-001,100,uM,DMSO,4,uL,0.43750000000000006,uM
1,K09,H28,5,nL,100,1536LDV_MDX[1],384PP_DMSO2,384PP[2],1536LDV_MDX[1],XYZ-457-001,100,uM,DMSO,4,uL,0.125,uM
1,O09,H29,17.5,nL,100,1536LDV_MDX[1],384PP_DMSO2,384PP[2],1536LDV_MDX[1],XYZ-457-001,10,uM,DMSO,4,uL,0.043750000000000004,uM
1,C09,H30,0,nL,100,1536LDV_MDX[1],384PP_DMSO2,384PP[2],1536LDV_MDX[1],XYZ-457-001,10000,uM,DMSO,4,uL,0,uM
1,C09,H31,0,nL,100,1536LDV_MDX[1],384PP_DMSO2,384PP[2],1536LDV_MDX[1],XYZ-457-001,10000,uM,DMSO,4,uL,0,uM
1,A04,H32,40,nL,100,1536LDV_MDX[1],384PP_DMSO2,384PP[2],1536LDV_MDX[1],XYZ-477-001,10000,uM,DMSO,4,uL,100,uM
1,A04,H33,12.5,nL,100,1536LDV_MDX[1],384PP_DMSO2,384PP[2],1536LDV_MDX[1],XYZ-477-001,10000,uM,DMSO,4,uL,31.25,uM
1,A04,H34,5,nL,100,1536LDV_MDX[1],384PP_DMSO2,384PP[2],1536LDV_MDX[1],XYZ-477-001,10000,uM,DMSO,4,uL,12.5,uM
1,E04,H35,15,nL,100,1536LDV_MDX[1],384PP_DMSO2,384PP[2],1536LDV_MDX[1],XYZ-477-001,1000,uM,DMSO,4,uL,3.75,uM
1,E04,H36,5,nL,100,1536LDV_MDX[1],384PP_DMSO2,384PP[2],1536LDV_MDX[1],XYZ-477-001,1000,uM,DMSO,4,uL,1.25,uM
1,I04,H37,17.5,nL,100,1536LDV_MDX[1],384PP_DMSO2,384PP[2],1536LDV_MDX[1],XYZ-477-001,100,uM,DMSO,4,uL,0.43750000000000006,uM
1,I04,H38,5,nL,100,1536LDV_MDX[1],384PP_DMSO2,384PP[2],1536LDV_MDX[1],XYZ-477-001,100,uM,DMSO,4,uL,0.125,uM
1,M04,H39,17.5,nL,100,1536LDV_MDX[1],384PP_DMSO2,384PP[2],1536LDV_MDX[1],XYZ-477-001,10,uM,DMSO,4,uL,0.043750000000000004,uM
1,A04,H40,0,nL,100,1536LDV_MDX[1],384PP_DMSO2,384PP[2],1536LDV_MDX[1],XYZ-477-001,10000,uM,DMSO,4,uL,0,uM
1,A04,H41,0,nL,100,1536LDV_MDX[1],384PP_DMSO2,384PP[2],1536LDV_MDX[1],XYZ-477-001,10000,uM,DMSO,4,uL,0,uM
1,A04,I2,40,nL,100,1536LDV_MDX[1],384PP_DMSO2,384PP[2],1536LDV_MDX[1],XYZ-477-001,10000,uM,DMSO,4,uL,100,uM
1,A04,I3,12.5,nL,100,1536LDV_MDX[1],384PP_DMSO2,384PP[2],1536LDV_MDX[1],XYZ-477-001,10000,uM,DMSO,4,uL,31.25,uM
1,A04,I4,5,nL,100,1536LDV_MDX[1],384PP_DMSO2,384PP[2],1536LDV_MDX[1],XYZ-477-001,10000,uM,DMSO,4,uL,12.5,uM
1,E04,I5,15,nL,100,1536LDV_MDX[1],384PP_DMSO2,384PP[2],1536LDV_MDX[1],XYZ-477-001,1000,uM,DMSO,4,uL,3.75,uM
1,E04,I6,5,nL,100,1536LDV_MDX[1],384PP_DMSO2,384PP[2],1536LDV_MDX[1],XYZ-477-001,1000,uM,DMSO,4,uL,1.25,uM
1,I04,I7,17.5,nL,100,1536LDV_MDX[1],384PP_DMSO2,384PP[2],1536LDV_MDX[1],XYZ-477-001,100,uM,DMSO,4,uL,0.43750000000000006,uM
1,I04,I8,5,nL,100,1536LDV_MDX[1],384PP_DMSO2,384PP[2],1536LDV_MDX[1],XYZ-477-001,100,uM,DMSO,4,uL,0.125,uM
1,M04,I9,17.5,nL,100,1536LDV_MDX[1],384PP_DMSO2,384PP[2],1536LDV_MDX[1],XYZ-477-001,10,uM,DMSO,4,uL,0.043750000000000004,uM
1,A04,I10,0,nL,100,1536LDV_MDX[1],384PP_DMSO2,384PP[2],1536LDV_MDX[1],XYZ-477-001,10000,uM,DMSO,4,uL,0,uM
1,A04,I11,0,nL,100,1536LDV_MDX[1],384PP_DMSO2,384PP[2],1536LDV_MDX[1],XYZ-477-001,10000,uM,DMSO,4,uL,0,uM
1,A04,I12,40,nL,100,1536LDV_MDX[1],384PP_DMSO2,384PP[2],1536LDV_MDX[1],XYZ-477-001,10000,uM,DMSO,4,uL,100,uM
1,A04,I13,12.5,nL,100,1536LDV_MDX[1],384PP_DMSO2,384PP[2],1536LDV_MDX[1],XYZ-477-001,10000,uM,DMSO,4,uL,31.25,uM
1,A04,I14,5,nL,100,1536LDV_MDX[1],384PP_DMSO2,384PP[2],1536LDV_MDX[1],XYZ-477-001,10000,uM,DMSO,4,uL,12.5,uM
1,E04,I15,15,nL,100,1536LDV_MDX[1],384PP_DMSO2,384PP[2],1536LDV_MDX[1],XYZ-477-001,1000,uM,DMSO,4,uL,3.75,uM
1,E04,I16,5,nL,100,1536LDV_MDX[1],384PP_DMSO2,384PP[2],1536LDV_MDX[1],XYZ-477-001,1000,uM,DMSO,4,uL,1.25,uM
1,I04,I17,17.5,nL,100,1536LDV_MDX[1],384PP_DMSO2,384PP[2],1536LDV_MDX[1],XYZ-477-001,100,uM,DMSO,4,uL,0.43750000000000006,uM
1,I04,I18,5,nL,100,1536LDV_MDX[1],384PP_DMSO2,384PP[2],1536LDV_MDX[1],XYZ-477-001,100,uM,DMSO,4,uL,0.125,uM
1,M04,I19,17.5,nL,100,1536LDV_MDX[1],384PP_DMSO2,384PP[2],1536LDV_MDX[1],XYZ-477-001,10,uM,DMSO,4,uL,0.043750000000000004,uM
1,A04,I20,0,nL,100,1536LDV_MDX[1],384PP_DMSO2,384PP[2],1536LDV_MDX[1],XYZ-477-001,10000,uM,DMSO,4,uL,0,uM
1,A04,I21,0,nL,100,1536LDV_MDX[1],384PP_DMSO2,384PP[2],1536LDV_MDX[1],XYZ-477-001,10000,uM,DMSO,4,uL,0,uM
1,A05,I22,40,nL,100,1536LDV_MDX[1],384PP_DMSO2,384PP[2],1536LDV_MDX[1],XYZ-479-001,10000,uM,DMSO,4,uL,100,uM
1,A05,I23,12.5,nL,100,1536LDV_MDX[1],384PP_DMSO2,384PP[2],1536LDV_MDX[1],XYZ-479-001,10000,uM,DMSO,4,uL,31.25,uM
1,A05,I24,5,nL,100,1536LDV_MDX[1],384PP_DMSO2,384PP[2],1536LDV_MDX[1],XYZ-479-001,10000,uM,DMSO,4,uL,12.5,uM
1,E05,I25,15,nL,100,1536LDV_MDX[1],384PP_DMSO2,384PP[2],1536LDV_MDX[1],XYZ-479-001,1000,uM,DMSO,4,uL,3.75,uM
1,E05,I26,5,nL,100,1536LDV_MDX[1],384PP_DMSO2,384PP[2],1536LDV_MDX[1],XYZ-479-001,1000,uM,DMSO,4,uL,1.25,uM
1,I05,I27,17.5,nL,100,1536LDV_MDX[1],384PP_DMSO2,384PP[2],1536LDV_MDX[1],XYZ-479-001,100,uM,DMSO,4,uL,0.43750000000000006,uM
1,I05,I28,5,nL,100,1536LDV_MDX[1],384PP_DMSO2,384PP[2],1536LDV_MDX[1],XYZ-479-001,100,uM,DMSO,4,uL,0.125,uM
1,M05,I29,17.5,nL,100,1536LDV_MDX[1],384PP_DMSO2,384PP[2],1536LDV_MDX[1],XYZ-479-001,10,uM,DMSO,4,uL,0.043750000000000004,uM
1,A05,I30,0,nL,100,1536LDV_MDX[1],384PP_DMSO2,384PP[2],1536LDV_MDX[1],XYZ-479-001,10000,uM,DMSO,4,uL,0,uM
1,A05,I31,0,nL,100,1536LDV_MDX[1],384PP_DMSO2,384PP[2],1536LDV_MDX[1],XYZ-479-001,10000,uM,DMSO,4,uL,0,uM
1,A05,I32,40,nL,100,1536LDV_MDX[1],384PP_DMSO2,384PP[2],1536LDV_MDX[1],XYZ-479-001,10000,uM,DMSO,4,uL,100,uM
1,A05,I33,12.5,nL,100,1536LDV_MDX[1],384PP_DMSO2,384PP[2],1536LDV_MDX[1],XYZ-479-001,10000,uM,DMSO,4,uL,31.25,uM
1,A05,I34,5,nL,100,1536LDV_MDX[1],384PP_DMSO2,384PP[2],1536LDV_MDX[1],XYZ-479-001,10000,uM,DMSO,4,uL,12.5,uM
1,E05,I35,15,nL,100,1536LDV_MDX[1],384PP_DMSO2,384PP[2],1536LDV_MDX[1],XYZ-479-001,1000,uM,DMSO,4,uL,3.75,uM
1,E05,I36,5,nL,100,1536LDV_MDX[1],384PP_DMSO2,384PP[2],1536LDV_MDX[1],XYZ-479-001,1000,uM,DMSO,4,uL,1.25,uM
1,I05,I37,17.5,nL,100,1536LDV_MDX[1],384PP_DMSO2,384PP[2],1536LDV_MDX[1],XYZ-479-001,100,uM,DMSO,4,uL,0.43750000000000006,uM
1,I05,I38,5,nL,100,1536LDV_MDX[1],384PP_DMSO2,384PP[2],1536LDV_MDX[1],XYZ-479-001,100,uM,DMSO,4,uL,0.125,uM
1,M05,I39,17.5,nL,100,1536LDV_MDX[1],384PP_DMSO2,384PP[2],1536LDV_MDX[1],XYZ-479-001,10,uM,DMSO,4,uL,0.043750000000000004,uM
1,A05,I40,0,nL,100,1536LDV_MDX[1],384PP_DMSO2,384PP[2],1536LDV_MDX[1],XYZ-479-001,10000,uM,DMSO,4,uL,0,uM
1,A05,I41,0,nL,100,1536LDV_MDX[1],384PP_DMSO2,384PP[2],1536LDV_MDX[1],XYZ-479-001,10000,uM,DMSO,4,uL,0,uM
1,A05,J2,40,nL,100,1536LDV_MDX[1],384PP_DMSO2,384PP[2],1536LDV_MDX[1],XYZ-479-001,10000,uM,DMSO,4,uL,100,uM
1,A05,J3,12.5,nL,100,1536LDV_MDX[1],384PP_DMSO2,384PP[2],1536LDV_MDX[1],XYZ-479-001,10000,uM,DMSO,4,uL,31.25,uM
1,A05,J4,5,nL,100,1536LDV_MDX[1],384PP_DMSO2,384PP[2],1536LDV_MDX[1],XYZ-479-001,10000,uM,DMSO,4,uL,12.5,uM
1,E05,J5,15,nL,100,1536LDV_MDX[1],384PP_DMSO2,384PP[2],1536LDV_MDX[1],XYZ-479-001,1000,uM,DMSO,4,uL,3.75,uM
1,E05,J6,5,nL,100,1536LDV_MDX[1],384PP_DMSO2,384PP[2],1536LDV_MDX[1],XYZ-479-001,1000,uM,DMSO,4,uL,1.25,uM
1,I05,J7,17.5,nL,100,1536LDV_MDX[1],384PP_DMSO2,384PP[2],1536LDV_MDX[1],XYZ-479-001,100,uM,DMSO,4,uL,0.43750000000000006,uM
1,I05,J8,5,nL,100,1536LDV_MDX[1],384PP_DMSO2,384PP[2],1536LDV_MDX[1],XYZ-479-001,100,uM,DMSO,4,uL,0.125,uM
1,M05,J9,17.5,nL,100,1536LDV_MDX[1],384PP_DMSO2,384PP[2],1536LDV_MDX[1],XYZ-479-001,10,uM,DMSO,4,uL,0.043750000000000004,uM
1,A05,J10,0,nL,100,1536LDV_MDX[1],384PP_DMSO2,384PP[2],1536LDV_MDX[1],XYZ-479-001,10000,uM,DMSO,4,uL,0,uM
1,A05,J11,0,nL,100,1536LDV_MDX[1],384PP_DMSO2,384PP[2],1536LDV_MDX[1],XYZ-479-001,10000,uM,DMSO,4,uL,0,uM
1,B08,J12,40,nL,100,1536LDV_MDX[1],384PP_DMSO2,384PP[2],1536LDV_MDX[1],XYZ-494-001,10000,uM,DMSO,4,uL,100,uM
1,B08,J13,12.5,nL,100,1536LDV_MDX[1],384PP_DMSO2,384PP[2],1536LDV_MDX[1],XYZ-494-001,10000,uM,DMSO,4,uL,31.25,uM
1,B08,J14,5,nL,100,1536LDV_MDX[1],384PP_DMSO2,384PP[2],1536LDV_MDX[1],XYZ-494-001,10000,uM,DMSO,4,uL,12.5,uM
1,F08,J15,15,nL,100,1536LDV_MDX[1],384PP_DMSO2,384PP[2],1536LDV_MDX[1],XYZ-494-001,1000,uM,DMSO,4,uL,3.75,uM
1,F08,J16,5,nL,100,1536LDV_MDX[1],384PP_DMSO2,384PP[2],1536LDV_MDX[1],XYZ-494-001,1000,uM,DMSO,4,uL,1.25,uM
1,J08,J17,17.5,nL,100,1536LDV_MDX[1],384PP_DMSO2,384PP[2],1536LDV_MDX[1],XYZ-494-001,100,uM,DMSO,4,uL,0.43750000000000006,uM
1,J08,J18,5,nL,100,1536LDV_MDX[1],384PP_DMSO2,384PP[2],1536LDV_MDX[1],XYZ-494-001,100,uM,DMSO,4,uL,0.125,uM
1,N08,J19,17.5,nL,100,1536LDV_MDX[1],384PP_DMSO2,384PP[2],1536LDV_MDX[1],XYZ-494-001,10,uM,DMSO,4,uL,0.043750000000000004,uM
1,B08,J20,0,nL,100,1536LDV_MDX[1],384PP_DMSO2,384PP[2],1536LDV_MDX[1],XYZ-494-001,10000,uM,DMSO,4,uL,0,uM
1,B08,J21,0,nL,100,1536LDV_MDX[1],384PP_DMSO2,384PP[2],1536LDV_MDX[1],XYZ-494-001,10000,uM,DMSO,4,uL,0,uM
1,B08,J22,40,nL,100,1536LDV_MDX[1],384PP_DMSO2,384PP[2],1536LDV_MDX[1],XYZ-494-001,10000,uM,DMSO,4,uL,100,uM
1,B08,J23,12.5,nL,100,1536LDV_MDX[1],384PP_DMSO2,384PP[2],1536LDV_MDX[1],XYZ-494-001,10000,uM,DMSO,4,uL,31.25,uM
1,B08,J24,5,nL,100,1536LDV_MDX[1],384PP_DMSO2,384PP[2],1536LDV_MDX[1],XYZ-494-001,10000,uM,DMSO,4,uL,12.5,uM
1,F08,J25,15,nL,100,1536LDV_MDX[1],384PP_DMSO2,384PP[2],1536LDV_MDX[1],XYZ-494-001,1000,uM,DMSO,4,uL,3.75,uM
1,F08,J26,5,nL,100,1536LDV_MDX[1],384PP_DMSO2,384PP[2],1536LDV_MDX[1],XYZ-494-001,1000,uM,DMSO,4,uL,1.25,uM
1,J08,J27,17.5,nL,100,1536LDV_MDX[1],384PP_DMSO2,384PP[2],1536LDV_MDX[1],XYZ-494-001,100,uM,DMSO,4,uL,0.43750000000000006,uM
1,J08,J28,5,nL,100,1536LDV_MDX[1],384PP_DMSO2,384PP[2],1536LDV_MDX[1],XYZ-494-001,100,uM,DMSO,4,uL,0.125,uM
1,N08,J29,17.5,nL,100,1536LDV_MDX[1],384PP_DMSO2,384PP[2],1536LDV_MDX[1],XYZ-494-001,10,uM,DMSO,4,uL,0.043750000000000004,uM
1,B08,J30,0,nL,100,1536LDV_MDX[1],384PP_DMSO2,384PP[2],1536LDV_MDX[1],XYZ-494-001,10000,uM,DMSO,4,uL,0,uM
1,B08,J31,0,nL,100,1536LDV_MDX[1],384PP_DMSO2,384PP[2],1536LDV_MDX[1],XYZ-494-001,10000,uM,DMSO,4,uL,0,uM
1,B08,J32,40,nL,100,1536LDV_MDX[1],384PP_DMSO2,384PP[2],1536LDV_MDX[1],XYZ-494-001,10000,uM,DMSO,4,uL,100,uM
1,B08,J33,12.5,nL,100,1536LDV_MDX[1],384PP_DMSO2,384PP[2],1536LDV_MDX[1],XYZ-494-001,10000,uM,DMSO,4,uL,31.25,uM
1,B08,J34,5,nL,100,1536LDV_MDX[1],384PP_DMSO2,384PP[2],1536LDV_MDX[1],XYZ-494-001,10000,uM,DMSO,4,uL,12.5,uM
1,F08,J35,15,nL,100,1536LDV_MDX[1],384PP_DMSO2,384PP[2],1536LDV_MDX[1],XYZ-494-001,1000,uM,DMSO,4,uL,3.75,uM
1,F08,J36,5,nL,100,1536LDV_MDX[1],384PP_DMSO2,384PP[2],1536LDV_MDX[1],XYZ-494-001,1000,uM,DMSO,4,uL,1.25,uM
1,J08,J37,17.5,nL,100,1536LDV_MDX[1],384PP_DMSO2,384PP[2],1536LDV_MDX[1],XYZ-494-001,100,uM,DMSO,4,uL,0.43750000000000006,uM
1,J08,J38,5,nL,100,1536LDV_MDX[1],384PP_DMSO2,384PP[2],1536LDV_MDX[1],XYZ-494-001,100,uM,DMSO,4,uL,0.125,uM
1,N08,J39,17.5,nL,100,1536LDV_MDX[1],384PP_DMSO2,384PP[2],1536LDV_MDX[1],XYZ-494-001,10,uM,DMSO,4,uL,0.043750000000000004,uM
1,B08,J40,0,nL,100,1536LDV_MDX[1],384PP_DMSO2,384PP[2],1536LDV_MDX[1],XYZ-494-001,10000,uM,DMSO,4,uL,0,uM
1,B08,J41,0,nL,100,1536LDV_MDX[1],384PP_DMSO2,384PP[2],1536LDV_MDX[1],XYZ-494-001,10000,uM,DMSO,4,uL,0,uM
1,B18,K2,40,nL,100,1536LDV_MDX[1],384PP_DMSO2,384PP[2],1536LDV_MDX[1],XYZ-506-001,10000,uM,DMSO,4,uL,100,uM
1,B18,K3,12.5,nL,100,1536LDV_MDX[1],384PP_DMSO2,384PP[2],1536LDV_MDX[1],XYZ-506-001,10000,uM,DMSO,4,uL,31.25,uM
1,B18,K4,5,nL,100,1536LDV_MDX[1],384PP_DMSO2,384PP[2],1536LDV_MDX[1],XYZ-506-001,10000,uM,DMSO,4,uL,12.5,uM
1,F18,K5,15,nL,100,1536LDV_MDX[1],384PP_DMSO2,384PP[2],1536LDV_MDX[1],XYZ-506-001,1000,uM,DMSO,4,uL,3.75,uM
1,F18,K6,5,nL,100,1536LDV_MDX[1],384PP_DMSO2,384PP[2],1536LDV_MDX[1],XYZ-506-001,1000,uM,DMSO,4,uL,1.25,uM
1,J18,K7,17.5,nL,100,1536LDV_MDX[1],384PP_DMSO2,384PP[2],1536LDV_MDX[1],XYZ-506-001,100,uM,DMSO,4,uL,0.43750000000000006,uM
1,J18,K8,5,nL,100,1536LDV_MDX[1],384PP_DMSO2,384PP[2],1536LDV_MDX[1],XYZ-506-001,100,uM,DMSO,4,uL,0.125,uM
1,N18,K9,17.5,nL,100,1536LDV_MDX[1],384PP_DMSO2,384PP[2],1536LDV_MDX[1],XYZ-506-001,10,uM,DMSO,4,uL,0.043750000000000004,uM
1,B18,K10,0,nL,100,1536LDV_MDX[1],384PP_DMSO2,384PP[2],1536LDV_MDX[1],XYZ-506-001,10000,uM,DMSO,4,uL,0,uM
1,B18,K11,0,nL,100,1536LDV_MDX[1],384PP_DMSO2,384PP[2],1536LDV_MDX[1],XYZ-506-001,10000,uM,DMSO,4,uL,0,uM
1,B18,K12,40,nL,100,1536LDV_MDX[1],384PP_DMSO2,384PP[2],1536LDV_MDX[1],XYZ-506-001,10000,uM,DMSO,4,uL,100,uM
1,B18,K13,12.5,nL,100,1536LDV_MDX[1],384PP_DMSO2,384PP[2],1536LDV_MDX[1],XYZ-506-001,10000,uM,DMSO,4,uL,31.25,uM
1,B18,K14,5,nL,100,1536LDV_MDX[1],384PP_DMSO2,384PP[2],1536LDV_MDX[1],XYZ-506-001,10000,uM,DMSO,4,uL,12.5,uM
1,F18,K15,15,nL,100,1536LDV_MDX[1],384PP_DMSO2,384PP[2],1536LDV_MDX[1],XYZ-506-001,1000,uM,DMSO,4,uL,3.75,uM
1,F18,K16,5,nL,100,1536LDV_MDX[1],384PP_DMSO2,384PP[2],1536LDV_MDX[1],XYZ-506-001,1000,uM,DMSO,4,uL,1.25,uM
1,J18,K17,17.5,nL,100,1536LDV_MDX[1],384PP_DMSO2,384PP[2],1536LDV_MDX[1],XYZ-506-001,100,uM,DMSO,4,uL,0.43750000000000006,uM
1,J18,K18,5,nL,100,1536LDV_MDX[1],384PP_DMSO2,384PP[2],1536LDV_MDX[1],XYZ-506-001,100,uM,DMSO,4,uL,0.125,uM
1,N18,K19,17.5,nL,100,1536LDV_MDX[1],384PP_DMSO2,384PP[2],1536LDV_MDX[1],XYZ-506-001,10,uM,DMSO,4,uL,0.043750000000000004,uM
1,B18,K20,0,nL,100,1536LDV_MDX[1],384PP_DMSO2,384PP[2],1536LDV_MDX[1],XYZ-506-001,10000,uM,DMSO,4,uL,0,uM
1,B18,K21,0,nL,100,1536LDV_MDX[1],384PP_DMSO2,384PP[2],1536LDV_MDX[1],XYZ-506-001,10000,uM,DMSO,4,uL,0,uM
1,B18,K22,40,nL,100,1536LDV_MDX[1],384PP_DMSO2,384PP[2],1536LDV_MDX[1],XYZ-506-001,10000,uM,DMSO,4,uL,100,uM
1,B18,K23,12.5,nL,100,1536LDV_MDX[1],384PP_DMSO2,384PP[2],1536LDV_MDX[1],XYZ-506-001,10000,uM,DMSO,4,uL,31.25,uM
1,B18,K24,5,nL,100,1536LDV_MDX[1],384PP_DMSO2,384PP[2],1536LDV_MDX[1],XYZ-506-001,10000,uM,DMSO,4,uL,12.5,uM
1,F18,K25,15,nL,100,1536LDV_MDX[1],384PP_DMSO2,384PP[2],1536LDV_MDX[1],XYZ-506-001,1000,uM,DMSO,4,uL,3.75,uM
1,F18,K26,5,nL,100,1536LDV_MDX[1],384PP_DMSO2,384PP[2],1536LDV_MDX[1],XYZ-506-001,1000,uM,DMSO,4,uL,1.25,uM
1,J18,K27,17.5,nL,100,1536LDV_MDX[1],384PP_DMSO2,384PP[2],1536LDV_MDX[1],XYZ-506-001,100,uM,DMSO,4,uL,0.43750000000000006,uM
1,J18,K28,5,nL,100,1536LDV_MDX[1],384PP_DMSO2,384PP[2],1536LDV_MDX[1],XYZ-506-001,100,uM,DMSO,4,uL,0.125,uM
1,N18,K29,17.5,nL,100,1536LDV_MDX[1],384PP_DMSO2,384PP[2],1536LDV_MDX[1],XYZ-506-001,10,uM,DMSO,4,uL,0.043750000000000004,uM
1,B18,K30,0,nL,100,1536LDV_MDX[1],384PP_DMSO2,384PP[2],1536LDV_MDX[1],XYZ-506-001,10000,uM,DMSO,4,uL,0,uM
1,B18,K31,0,nL,100,1536LDV_MDX[1],384PP_DMSO2,384PP[2],1536LDV_MDX[1],XYZ-506-001,10000,uM,DMSO,4,uL,0,uM
1,B19,K32,40,nL,100,1536LDV_MDX[1],384PP_DMSO2,384PP[2],1536LDV_MDX[1],XYZ-507-001,10000,uM,DMSO,4,uL,100,uM
1,B19,K33,12.5,nL,100,1536LDV_MDX[1],384PP_DMSO2,384PP[2],1536LDV_MDX[1],XYZ-507-001,10000,uM,DMSO,4,uL,31.25,uM
1,B19,K34,5,nL,100,1536LDV_MDX[1],384PP_DMSO2,384PP[2],1536LDV_MDX[1],XYZ-507-001,10000,uM,DMSO,4,uL,12.5,uM
1,F19,K35,15,nL,100,1536LDV_MDX[1],384PP_DMSO2,384PP[2],1536LDV_MDX[1],XYZ-507-001,1000,uM,DMSO,4,uL,3.75,uM
1,F19,K36,5,nL,100,1536LDV_MDX[1],384PP_DMSO2,384PP[2],1536LDV_MDX[1],XYZ-507-001,1000,uM,DMSO,4,uL,1.25,uM
1,J19,K37,17.5,nL,100,1536LDV_MDX[1],384PP_DMSO2,384PP[2],1536LDV_MDX[1],XYZ-507-001,100,uM,DMSO,4,uL,0.43750000000000006,uM
1,J19,K38,5,nL,100,1536LDV_MDX[1],384PP_DMSO2,384PP[2],1536LDV_MDX[1],XYZ-507-001,100,uM,DMSO,4,uL,0.125,uM
1,N19,K39,17.5,nL,100,1536LDV_MDX[1],384PP_DMSO2,384PP[2],1536LDV_MDX[1],XYZ-507-001,10,uM,DMSO,4,uL,0.043750000000000004,uM
1,B19,K40,0,nL,100,1536LDV_MDX[1],384PP_DMSO2,384PP[2],1536LDV_MDX[1],XYZ-507-001,10000,uM,DMSO,4,uL,0,uM
1,B19,K41,0,nL,100,1536LDV_MDX[1],384PP_DMSO2,384PP[2],1536LDV_MDX[1],XYZ-507-001,10000,uM,DMSO,4,uL,0,uM
1,B19,L2,40,nL,100,1536LDV_MDX[1],384PP_DMSO2,384PP[2],1536LDV_MDX[1],XYZ-507-001,10000,uM,DMSO,4,uL,100,uM
1,B19,L3,12.5,nL,100,1536LDV_MDX[1],384PP_DMSO2,384PP[2],1536LDV_MDX[1],XYZ-507-001,10000,uM,DMSO,4,uL,31.25,uM
1,B19,L4,5,nL,100,1536LDV_MDX[1],384PP_DMSO2,384PP[2],1536LDV_MDX[1],XYZ-507-001,10000,uM,DMSO,4,uL,12.5,uM
1,F19,L5,15,nL,100,1536LDV_MDX[1],384PP_DMSO2,384PP[2],1536LDV_MDX[1],XYZ-507-001,1000,uM,DMSO,4,uL,3.75,uM
1,F19,L6,5,nL,100,1536LDV_MDX[1],384PP_DMSO2,384PP[2],1536LDV_MDX[1],XYZ-507-001,1000,uM,DMSO,4,uL,1.25,uM
1,J19,L7,17.5,nL,100,1536LDV_MDX[1],384PP_DMSO2,384PP[2],1536LDV_MDX[1],XYZ-507-001,100,uM,DMSO,4,uL,0.43750000000000006,uM
1,J19,L8,5,nL,100,1536LDV_MDX[1],384PP_DMSO2,384PP[2],1536LDV_MDX[1],XYZ-507-001,100,uM,DMSO,4,uL,0.125,uM
1,N19,L9,17.5,nL,100,1536LDV_MDX[1],384PP_DMSO2,384PP[2],1536LDV_MDX[1],XYZ-507-001,10,uM,DMSO,4,uL,0.043750000000000004,uM
1,B19,L10,0,nL,100,1536LDV_MDX[1],384PP_DMSO2,384PP[2],1536LDV_MDX[1],XYZ-507-001,10000,uM,DMSO,4,uL,0,uM
1,B19,L11,0,nL,100,1536LDV_MDX[1],384PP_DMSO2,384PP[2],1536LDV_MDX[1],XYZ-507-001,10000,uM,DMSO,4,uL,0,uM
1,B19,L12,40,nL,100,1536LDV_MDX[1],384PP_DMSO2,384PP[2],1536LDV_MDX[1],XYZ-507-001,10000,uM,DMSO,4,uL,100,uM
1,B19,L13,12.5,nL,100,1536LDV_MDX[1],384PP_DMSO2,384PP[2],1536LDV_MDX[1],XYZ-507-001,10000,uM,DMSO,4,uL,31.25,uM
1,B19,L14,5,nL,100,1536LDV_MDX[1],384PP_DMSO2,384PP[2],1536LDV_MDX[1],XYZ-507-001,10000,uM,DMSO,4,uL,12.5,uM
1,F19,L15,15,nL,100,1536LDV_MDX[1],384PP_DMSO2,384PP[2],1536LDV_MDX[1],XYZ-507-001,1000,uM,DMSO,4,uL,3.75,uM
1,F19,L16,5,nL,100,1536LDV_MDX[1],384PP_DMSO2,384PP[2],1536LDV_MDX[1],XYZ-507-001,1000,uM,DMSO,4,uL,1.25,uM
1,J19,L17,17.5,nL,100,1536LDV_MDX[1],384PP_DMSO2,384PP[2],1536LDV_MDX[1],XYZ-507-001,100,uM,DMSO,4,uL,0.43750000000000006,uM
1,J19,L18,5,nL,100,1536LDV_MDX[1],384PP_DMSO2,384PP[2],1536LDV_MDX[1],XYZ-507-001,100,uM,DMSO,4,uL,0.125,uM
1,N19,L19,17.5,nL,100,1536LDV_MDX[1],384PP_DMSO2,384PP[2],1536LDV_MDX[1],XYZ-507-001,10,uM,DMSO,4,uL,0.043750000000000004,uM
1,B19,L20,0,nL,100,1536LDV_MDX[1],384PP_DMSO2,384PP[2],1536LDV_MDX[1],XYZ-507-001,10000,uM,DMSO,4,uL,0,uM
1,B19,L21,0,nL,100,1536LDV_MDX[1],384PP_DMSO2,384PP[2],1536LDV_MDX[1],XYZ-507-001,10000,uM,DMSO,4,uL,0,uM
1,A13,L22,40,nL,100,1536LDV_MDX[1],384PP_DMSO2,384PP[2],1536LDV_MDX[1],XYZ-964-001,10000,uM,DMSO,4,uL,100,uM
1,A13,L23,12.5,nL,100,1536LDV_MDX[1],384PP_DMSO2,384PP[2],1536LDV_MDX[1],XYZ-964-001,10000,uM,DMSO,4,uL,31.25,uM
1,A13,L24,5,nL,100,1536LDV_MDX[1],384PP_DMSO2,384PP[2],1536LDV_MDX[1],XYZ-964-001,10000,uM,DMSO,4,uL,12.5,uM
1,E13,L25,15,nL,100,1536LDV_MDX[1],384PP_DMSO2,384PP[2],1536LDV_MDX[1],XYZ-964-001,1000,uM,DMSO,4,uL,3.75,uM
1,E13,L26,5,nL,100,1536LDV_MDX[1],384PP_DMSO2,384PP[2],1536LDV_MDX[1],XYZ-964-001,1000,uM,DMSO,4,uL,1.25,uM
1,I13,L27,17.5,nL,100,1536LDV_MDX[1],384PP_DMSO2,384PP[2],1536LDV_MDX[1],XYZ-964-001,100,uM,DMSO,4,uL,0.43750000000000006,uM
1,I13,L28,5,nL,100,1536LDV_MDX[1],384PP_DMSO2,384PP[2],1536LDV_MDX[1],XYZ-964-001,100,uM,DMSO,4,uL,0.125,uM
1,M13,L29,17.5,nL,100,1536LDV_MDX[1],384PP_DMSO2,384PP[2],1536LDV_MDX[1],XYZ-964-001,10,uM,DMSO,4,uL,0.043750000000000004,uM
1,A13,L30,0,nL,100,1536LDV_MDX[1],384PP_DMSO2,384PP[2],1536LDV_MDX[1],XYZ-964-001,10000,uM,DMSO,4,uL,0,uM
1,A13,L31,0,nL,100,1536LDV_MDX[1],384PP_DMSO2,384PP[2],1536LDV_MDX[1],XYZ-964-001,10000,uM,DMSO,4,uL,0,uM
1,A13,L32,40,nL,100,1536LDV_MDX[1],384PP_DMSO2,384PP[2],1536LDV_MDX[1],XYZ-964-001,10000,uM,DMSO,4,uL,100,uM
1,A13,L33,12.5,nL,100,1536LDV_MDX[1],384PP_DMSO2,384PP[2],1536LDV_MDX[1],XYZ-964-001,10000,uM,DMSO,4,uL,31.25,uM
1,A13,L34,5,nL,100,1536LDV_MDX[1],384PP_DMSO2,384PP[2],1536LDV_MDX[1],XYZ-964-001,10000,uM,DMSO,4,uL,12.5,uM
1,E13,L35,15,nL,100,1536LDV_MDX[1],384PP_DMSO2,384PP[2],1536LDV_MDX[1],XYZ-964-001,1000,uM,DMSO,4,uL,3.75,uM
1,E13,L36,5,nL,100,1536LDV_MDX[1],384PP_DMSO2,384PP[2],1536LDV_MDX[1],XYZ-964-001,1000,uM,DMSO,4,uL,1.25,uM
1,I13,L37,17.5,nL,100,1536LDV_MDX[1],384PP_DMSO2,384PP[2],1536LDV_MDX[1],XYZ-964-001,100,uM,DMSO,4,uL,0.43750000000000006,uM
1,I13,L38,5,nL,100,1536LDV_MDX[1],384PP_DMSO2,384PP[2],1536LDV_MDX[1],XYZ-964-001,100,uM,DMSO,4,uL,0.125,uM
1,M13,L39,17.5,nL,100,1536LDV_MDX[1],384PP_DMSO2,384PP[2],1536LDV_MDX[1],XYZ-964-001,10,uM,DMSO,4,uL,0.043750000000000004,uM
1,A13,L40,0,nL,100,1536LDV_MDX[1],384PP_DMSO2,384PP[2],1536LDV_MDX[1],XYZ-964-001,10000,uM,DMSO,4,uL,0,uM
1,A13,L41,0,nL,100,1536LDV_MDX[1],384PP_DMSO2,384PP[2],1536LDV_MDX[1],XYZ-964-001,10000,uM,DMSO,4,uL,0,uM
1,A13,M2,40,nL,100,1536LDV_MDX[1],384PP_DMSO2,384PP[2],1536LDV_MDX[1],XYZ-964-001,10000,uM,DMSO,4,uL,100,uM
1,A13,M3,12.5,nL,100,1536LDV_MDX[1],384PP_DMSO2,384PP[2],1536LDV_MDX[1],XYZ-964-001,10000,uM,DMSO,4,uL,31.25,uM
1,A13,M4,5,nL,100,1536LDV_MDX[1],384PP_DMSO2,384PP[2],1536LDV_MDX[1],XYZ-964-001,10000,uM,DMSO,4,uL,12.5,uM
1,E13,M5,15,nL,100,1536LDV_MDX[1],384PP_DMSO2,384PP[2],1536LDV_MDX[1],XYZ-964-001,1000,uM,DMSO,4,uL,3.75,uM
1,E13,M6,5,nL,100,1536LDV_MDX[1],384PP_DMSO2,384PP[2],1536LDV_MDX[1],XYZ-964-001,1000,uM,DMSO,4,uL,1.25,uM
1,I13,M7,17.5,nL,100,1536LDV_MDX[1],384PP_DMSO2,384PP[2],1536LDV_MDX[1],XYZ-964-001,100,uM,DMSO,4,uL,0.43750000000000006,uM
1,I13,M8,5,nL,100,1536LDV_MDX[1],384PP_DMSO2,384PP[2],1536LDV_MDX[1],XYZ-964-001,100,uM,DMSO,4,uL,0.125,uM
1,M13,M9,17.5,nL,100,1536LDV_MDX[1],384PP_DMSO2,384PP[2],1536LDV_MDX[1],XYZ-964-001,10,uM,DMSO,4,uL,0.043750000000000004,uM
1,A13,M10,0,nL,100,1536LDV_MDX[1],384PP_DMSO2,384PP[2],1536LDV_MDX[1],XYZ-964-001,10000,uM,DMSO,4,uL,0,uM
1,A13,M11,0,nL,100,1536LDV_MDX[1],384PP_DMSO2,384PP[2],1536LDV_MDX[1],XYZ-964-001,10000,uM,DMSO,4,uL,0,uM
1,A22,M12,40,nL,100,1536LDV_MDX[1],384PP_DMSO2,384PP[2],1536LDV_MDX[1],XYZ-982-001,10000,uM,DMSO,4,uL,100,uM
1,A22,M13,12.5,nL,100,1536LDV_MDX[1],384PP_DMSO2,384PP[2],1536LDV_MDX[1],XYZ-982-001,10000,uM,DMSO,4,uL,31.25,uM
1,A22,M14,5,nL,100,1536LDV_MDX[1],384PP_DMSO2,384PP[2],1536LDV_MDX[1],XYZ-982-001,10000,uM,DMSO,4,uL,12.5,uM
1,E22,M15,15,nL,100,1536LDV_MDX[1],384PP_DMSO2,384PP[2],1536LDV_MDX[1],XYZ-982-001,1000,uM,DMSO,4,uL,3.75,uM
1,E22,M16,5,nL,100,1536LDV_MDX[1],384PP_DMSO2,384PP[2],1536LDV_MDX[1],XYZ-982-001,1000,uM,DMSO,4,uL,1.25,uM
1,I22,M17,17.5,nL,100,1536LDV_MDX[1],384PP_DMSO2,384PP[2],1536LDV_MDX[1],XYZ-982-001,100,uM,DMSO,4,uL,0.43750000000000006,uM
1,I22,M18,5,nL,100,1536LDV_MDX[1],384PP_DMSO2,384PP[2],1536LDV_MDX[1],XYZ-982-001,100,uM,DMSO,4,uL,0.125,uM
1,M22,M19,17.5,nL,100,1536LDV_MDX[1],384PP_DMSO2,384PP[2],1536LDV_MDX[1],XYZ-982-001,10,uM,DMSO,4,uL,0.043750000000000004,uM
1,A22,M20,0,nL,100,1536LDV_MDX[1],384PP_DMSO2,384PP[2],1536LDV_MDX[1],XYZ-982-001,10000,uM,DMSO,4,uL,0,uM
1,A22,M21,0,nL,100,1536LDV_MDX[1],384PP_DMSO2,384PP[2],1536LDV_MDX[1],XYZ-982-001,10000,uM,DMSO,4,uL,0,uM
1,A22,M22,40,nL,100,1536LDV_MDX[1],384PP_DMSO2,384PP[2],1536LDV_MDX[1],XYZ-982-001,10000,uM,DMSO,4,uL,100,uM
1,A22,M23,12.5,nL,100,1536LDV_MDX[1],384PP_DMSO2,384PP[2],1536LDV_MDX[1],XYZ-982-001,10000,uM,DMSO,4,uL,31.25,uM
1,A22,M24,5,nL,100,1536LDV_MDX[1],384PP_DMSO2,384PP[2],1536LDV_MDX[1],XYZ-982-001,10000,uM,DMSO,4,uL,12.5,uM
1,E22,M25,15,nL,100,1536LDV_MDX[1],384PP_DMSO2,384PP[2],1536LDV_MDX[1],XYZ-982-001,1000,uM,DMSO,4,uL,3.75,uM
1,E22,M26,5,nL,100,1536LDV_MDX[1],384PP_DMSO2,384PP[2],1536LDV_MDX[1],XYZ-982-001,1000,uM,DMSO,4,uL,1.25,uM
1,I22,M27,17.5,nL,100,1536LDV_MDX[1],384PP_DMSO2,384PP[2],1536LDV_MDX[1],XYZ-982-001,100,uM,DMSO,4,uL,0.43750000000000006,uM
1,I22,M28,5,nL,100,1536LDV_MDX[1],384PP_DMSO2,384PP[2],1536LDV_MDX[1],XYZ-982-001,100,uM,DMSO,4,uL,0.125,uM
1,M22,M29,17.5,nL,100,1536LDV_MDX[1],384PP_DMSO2,384PP[2],1536LDV_MDX[1],XYZ-982-001,10,uM,DMSO,4,uL,0.043750000000000004,uM
1,A22,M30,0,nL,100,1536LDV_MDX[1],384PP_DMSO2,384PP[2],1536LDV_MDX[1],XYZ-982-001,10000,uM,DMSO,4,uL,0,uM
1,A22,M31,0,nL,100,1536LDV_MDX[1],384PP_DMSO2,384PP[2],1536LDV_MDX[1],XYZ-982-001,10000,uM,DMSO,4,uL,0,uM
1,A22,M32,40,nL,100,1536LDV_MDX[1],384PP_DMSO2,384PP[2],1536LDV_MDX[1],XYZ-982-001,10000,uM,DMSO,4,uL,100,uM
1,A22,M33,12.5,nL,100,1536LDV_MDX[1],384PP_DMSO2,384PP[2],1536LDV_MDX[1],XYZ-982-001,10000,uM,DMSO,4,uL,31.25,uM
1,A22,M34,5,nL,100,1536LDV_MDX[1],384PP_DMSO2,384PP[2],1536LDV_MDX[1],XYZ-982-001,10000,uM,DMSO,4,uL,12.5,uM
1,E22,M35,15,nL,100,1536LDV_MDX[1],384PP_DMSO2,384PP[2],1536LDV_MDX[1],XYZ-982-001,1000,uM,DMSO,4,uL,3.75,uM
1,E22,M36,5,nL,100,1536LDV_MDX[1],384PP_DMSO2,384PP[2],1536LDV_MDX[1],XYZ-982-001,1000,uM,DMSO,4,uL,1.25,uM
1,I22,M37,17.5,nL,100,1536LDV_MDX[1],384PP_DMSO2,384PP[2],1536LDV_MDX[1],XYZ-982-001,100,uM,DMSO,4,uL,0.43750000000000006,uM
1,I22,M38,5,nL,100,1536LDV_MDX[1],384PP_DMSO2,384PP[2],1536LDV_MDX[1],XYZ-982-001,100,uM,DMSO,4,uL,0.125,uM
1,M22,M39,17.5,nL,100,1536LDV_MDX[1],384PP_DMSO2,384PP[2],1536LDV_MDX[1],XYZ-982-001,10,uM,DMSO,4,uL,0.043750000000000004,uM
1,A22,M40,0,nL,100,1536LDV_MDX[1],384PP_DMSO2,384PP[2],1536LDV_MDX[1],XYZ-982-001,10000,uM,DMSO,4,uL,0,uM
1,A22,M41,0,nL,100,1536LDV_MDX[1],384PP_DMSO2,384PP[2],1536LDV_MDX[1],XYZ-982-001,10000,uM,DMSO,4,uL,0,uM
668,A01,F22,20,nL,101,1536LDV_MDX[2],384PP_DMSO2,384PP[9],1536LDV_MDX[2],XYZ-26-001,20000,uM,DMSO,4,uL,100,uM
668,A01,F23,7.5,nL,101,1536LDV_MDX[2],384PP_DMSO2,384PP[9],1536LDV_MDX[2],XYZ-26-001,20000,uM,DMSO,4,uL,37.5,uM
668,A01,F24,2.5,nL,101,1536LDV_MDX[2],384PP_DMSO2,384PP[9],1536LDV_MDX[2],XYZ-26-001,20000,uM,DMSO,4,uL,12.5,uM
668,B01,F25,7.5,nL,101,1536LDV_MDX[2],384PP_DMSO2,384PP[9],1536LDV_MDX[2],XYZ-26-001,2000,uM,DMSO,4,uL,3.75,uM
668,B01,F26,2.5,nL,101,1536LDV_MDX[2],384PP_DMSO2,384PP[9],1536LDV_MDX[2],XYZ-26-001,2000,uM,DMSO,4,uL,1.25,uM
668,C01,F27,7.5,nL,101,1536LDV_MDX[2],384PP_DMSO2,384PP[9],1536LDV_MDX[2],XYZ-26-001,200,uM,DMSO,4,uL,0.375,uM
668,C01,F28,2.5,nL,101,1536LDV_MDX[2],384PP_DMSO2,384PP[9],1536LDV_MDX[2],XYZ-26-001,200,uM,DMSO,4,uL,0.125,uM
668,D01,F29,10,nL,101,1536LDV_MDX[2],384PP_DMSO2,384PP[9],1536LDV_MDX[2],XYZ-26-001,20,uM,DMSO,4,uL,0.05,uM
668,E01,F30,30,nL,101,1536LDV_MDX[2],384PP_DMSO2,384PP[9],1536LDV_MDX[2],XYZ-26-001,2,uM,DMSO,4,uL,0.015,uM
668,E01,F31,10,nL,101,1536LDV_MDX[2],384PP_DMSO2,384PP[9],1536LDV_MDX[2],XYZ-26-001,2,uM,DMSO,4,uL,0.005,uM
668,A01,F32,20,nL,101,1536LDV_MDX[2],384PP_DMSO2,384PP[9],1536LDV_MDX[2],XYZ-26-001,20000,uM,DMSO,4,uL,100,uM
668,A01,F33,7.5,nL,101,1536LDV_MDX[2],384PP_DMSO2,384PP[9],1536LDV_MDX[2],XYZ-26-001,20000,uM,DMSO,4,uL,37.5,uM
668,A01,F34,2.5,nL,101,1536LDV_MDX[2],384PP_DMSO2,384PP[9],1536LDV_MDX[2],XYZ-26-001,20000,uM,DMSO,4,uL,12.5,uM
668,B01,F35,7.5,nL,101,1536LDV_MDX[2],384PP_DMSO2,384PP[9],1536LDV_MDX[2],XYZ-26-001,2000,uM,DMSO,4,uL,3.75,uM
668,B01,F36,2.5,nL,101,1536LDV_MDX[2],384PP_DMSO2,384PP[9],1536LDV_MDX[2],XYZ-26-001,2000,uM,DMSO,4,uL,1.25,uM
668,C01,F37,7.5,nL,101,1536LDV_MDX[2],384PP_DMSO2,384PP[9],1536LDV_MDX[2],XYZ-26-001,200,uM,DMSO,4,uL,0.375,uM
668,C01,F38,2.5,nL,101,1536LDV_MDX[2],384PP_DMSO2,384PP[9],1536LDV_MDX[2],XYZ-26-001,200,uM,DMSO,4,uL,0.125,uM
668,D01,F39,10,nL,101,1536LDV_MDX[2],384PP_DMSO2,384PP[9],1536LDV_MDX[2],XYZ-26-001,20,uM,DMSO,4,uL,0.05,uM
668,E01,F40,30,nL,101,1536LDV_MDX[2],384PP_DMSO2,384PP[9],1536LDV_MDX[2],XYZ-26-001,2,uM,DMSO,4,uL,0.015,uM
668,E01,F41,10,nL,101,1536LDV_MDX[2],384PP_DMSO2,384PP[9],1536LDV_MDX[2],XYZ-26-001,2,uM,DMSO,4,uL,0.005,uM
668,A01,G2,20,nL,101,1536LDV_MDX[2],384PP_DMSO2,384PP[9],1536LDV_MDX[2],XYZ-26-001,20000,uM,DMSO,4,uL,100,uM
668,A01,G3,7.5,nL,101,1536LDV_MDX[2],384PP_DMSO2,384PP[9],1536LDV_MDX[2],XYZ-26-001,20000,uM,DMSO,4,uL,37.5,uM
668,A01,G4,2.5,nL,101,1536LDV_MDX[2],384PP_DMSO2,384PP[9],1536LDV_MDX[2],XYZ-26-001,20000,uM,DMSO,4,uL,12.5,uM
668,B01,G5,7.5,nL,101,1536LDV_MDX[2],384PP_DMSO2,384PP[9],1536LDV_MDX[2],XYZ-26-001,2000,uM,DMSO,4,uL,3.75,uM
668,B01,G6,2.5,nL,101,1536LDV_MDX[2],384PP_DMSO2,384PP[9],1536LDV_MDX[2],XYZ-26-001,2000,uM,DMSO,4,uL,1.25,uM
668,C01,G7,7.5,nL,101,1536LDV_MDX[2],384PP_DMSO2,384PP[9],1536LDV_MDX[2],XYZ-26-001,200,uM,DMSO,4,uL,0.375,uM
668,C01,G8,2.5,nL,101,1536LDV_MDX[2],384PP_DMSO2,384PP[9],1536LDV_MDX[2],XYZ-26-001,200,uM,DMSO,4,uL,0.125,uM
668,D01,G9,10,nL,101,1536LDV_MDX[2],384PP_DMSO2,384PP[9],1536LDV_MDX[2],XYZ-26-001,20,uM,DMSO,4,uL,0.05,uM
668,E01,G10,30,nL,101,1536LDV_MDX[2],384PP_DMSO2,384PP[9],1536LDV_MDX[2],XYZ-26-001,2,uM,DMSO,4,uL,0.015,uM
668,E01,G11,10,nL,101,1536LDV_MDX[2],384PP_DMSO2,384PP[9],1536LDV_MDX[2],XYZ-26-001,2,uM,DMSO,4,uL,0.005,uM
668,G20,G12,200,nL,101,1536LDV_MDX[2],384PP_DMSO2,384PP[9],1536LDV_MDX[2],XYZ-329-001,2000,uM,DMSO,4,uL,100,uM
668,G20,G13,67.5,nL,101,1536LDV_MDX[2],384PP_DMSO2,384PP[9],1536LDV_MDX[2],XYZ-329-001,2000,uM,DMSO,4,uL,33.75,uM
668,G20,G14,22.5,nL,101,1536LDV_MDX[2],384PP_DMSO2,384PP[9],1536LDV_MDX[2],XYZ-329-001,2000,uM,DMSO,4,uL,11.25,uM
668,G20,G15,7.5,nL,101,1536LDV_MDX[2],384PP_DMSO2,384PP[9],1536LDV_MDX[2],XYZ-329-001,2000,uM,DMSO,4,uL,3.75,uM
668,G20,G16,2.5,nL,101,1536LDV_MDX[2],384PP_DMSO2,384PP[9],1536LDV_MDX[2],XYZ-329-001,2000,uM,DMSO,4,uL,1.25,uM
668,H20,G17,7.5,nL,101,1536LDV_MDX[2],384PP_DMSO2,384PP[9],1536LDV_MDX[2],XYZ-329-001,200,uM,DMSO,4,uL,0.375,uM
668,H20,G18,2.5,nL,101,1536LDV_MDX[2],384PP_DMSO2,384PP[9],1536LDV_MDX[2],XYZ-329-001,200,uM,DMSO,4,uL,0.125,uM
668,I20,G19,10,nL,101,1536LDV_MDX[2],384PP_DMSO2,384PP[9],1536LDV_MDX[2],XYZ-329-001,20,uM,DMSO,4,uL,0.05,uM
668,J20,G20,30,nL,101,1536LDV_MDX[2],384PP_DMSO2,384PP[9],1536LDV_MDX[2],XYZ-329-001,2,uM,DMSO,4,uL,0.015,uM
668,J20,G21,10,nL,101,1536LDV_MDX[2],384PP_DMSO2,384PP[9],1536LDV_MDX[2],XYZ-329-001,2,uM,DMSO,4,uL,0.005,uM
668,G20,G22,200,nL,101,1536LDV_MDX[2],384PP_DMSO2,384PP[9],1536LDV_MDX[2],XYZ-329-001,2000,uM,DMSO,4,uL,100,uM
668,G20,G23,67.5,nL,101,1536LDV_MDX[2],384PP_DMSO2,384PP[9],1536LDV_MDX[2],XYZ-329-001,2000,uM,DMSO,4,uL,33.75,uM
668,G20,G24,22.5,nL,101,1536LDV_MDX[2],384PP_DMSO2,384PP[9],1536LDV_MDX[2],XYZ-329-001,2000,uM,DMSO,4,uL,11.25,uM
668,G20,G25,7.5,nL,101,1536LDV_MDX[2],384PP_DMSO2,384PP[9],1536LDV_MDX[2],XYZ-329-001,2000,uM,DMSO,4,uL,3.75,uM
668,G20,G26,2.5,nL,101,1536LDV_MDX[2],384PP_DMSO2,384PP[9],1536LDV_MDX[2],XYZ-329-001,2000,uM,DMSO,4,uL,1.25,uM
668,H20,G27,7.5,nL,101,1536LDV_MDX[2],384PP_DMSO2,384PP[9],1536LDV_MDX[2],XYZ-329-001,200,uM,DMSO,4,uL,0.375,uM
668,H20,G28,2.5,nL,101,1536LDV_MDX[2],384PP_DMSO2,384PP[9],1536LDV_MDX[2],XYZ-329-001,200,uM,DMSO,4,uL,0.125,uM
668,I20,G29,10,nL,101,1536LDV_MDX[2],384PP_DMSO2,384PP[9],1536LDV_MDX[2],XYZ-329-001,20,uM,DMSO,4,uL,0.05,uM
668,J20,G30,30,nL,101,1536LDV_MDX[2],384PP_DMSO2,384PP[9],1536LDV_MDX[2],XYZ-329-001,2,uM,DMSO,4,uL,0.015,uM
668,J20,G31,10,nL,101,1536LDV_MDX[2],384PP_DMSO2,384PP[9],1536LDV_MDX[2],XYZ-329-001,2,uM,DMSO,4,uL,0.005,uM
668,G20,G32,200,nL,101,1536LDV_MDX[2],384PP_DMSO2,384PP[9],1536LDV_MDX[2],XYZ-329-001,2000,uM,DMSO,4,uL,100,uM
668,G20,G33,67.5,nL,101,1536LDV_MDX[2],384PP_DMSO2,384PP[9],1536LDV_MDX[2],XYZ-329-001,2000,uM,DMSO,4,uL,33.75,uM
668,G20,G34,22.5,nL,101,1536LDV_MDX[2],384PP_DMSO2,384PP[9],1536LDV_MDX[2],XYZ-329-001,2000,uM,DMSO,4,uL,11.25,uM
668,G20,G35,7.5,nL,101,1536LDV_MDX[2],384PP_DMSO2,384PP[9],1536LDV_MDX[2],XYZ-329-001,2000,uM,DMSO,4,uL,3.75,uM
668,G20,G36,2.5,nL,101,1536LDV_MDX[2],384PP_DMSO2,384PP[9],1536LDV_MDX[2],XYZ-329-001,2000,uM,DMSO,4,uL,1.25,uM
668,H20,G37,7.5,nL,101,1536LDV_MDX[2],384PP_DMSO2,384PP[9],1536LDV_MDX[2],XYZ-329-001,200,uM,DMSO,4,uL,0.375,uM
668,H20,G38,2.5,nL,101,1536LDV_MDX[2],384PP_DMSO2,384PP[9],1536LDV_MDX[2],XYZ-329-001,200,uM,DMSO,4,uL,0.125,uM
668,I20,G39,10,nL,101,1536LDV_MDX[2],384PP_DMSO2,384PP[9],1536LDV_MDX[2],XYZ-329-001,20,uM,DMSO,4,uL,0.05,uM
668,J20,G40,30,nL,101,1536LDV_MDX[2],384PP_DMSO2,384PP[9],1536LDV_MDX[2],XYZ-329-001,2,uM,DMSO,4,uL,0.015,uM
668,J20,G41,10,nL,101,1536LDV_MDX[2],384PP_DMSO2,384PP[9],1536LDV_MDX[2],XYZ-329-001,2,uM,DMSO,4,uL,0.005,uM
668,A16,H2,20,nL,101,1536LDV_MDX[2],384PP_DMSO2,384PP[9],1536LDV_MDX[2],XYZ-331-001,20000,uM,DMSO,4,uL,100,uM
668,A16,H3,7.5,nL,101,1536LDV_MDX[2],384PP_DMSO2,384PP[9],1536LDV_MDX[2],XYZ-331-001,20000,uM,DMSO,4,uL,37.5,uM
668,A16,H4,2.5,nL,101,1536LDV_MDX[2],384PP_DMSO2,384PP[9],1536LDV_MDX[2],XYZ-331-001,20000,uM,DMSO,4,uL,12.5,uM
668,B16,H5,7.5,nL,101,1536LDV_MDX[2],384PP_DMSO2,384PP[9],1536LDV_MDX[2],XYZ-331-001,2000,uM,DMSO,4,uL,3.75,uM
668,B16,H6,2.5,nL,101,1536LDV_MDX[2],384PP_DMSO2,384PP[9],1536LDV_MDX[2],XYZ-331-001,2000,uM,DMSO,4,uL,1.25,uM
668,C16,H7,7.5,nL,101,1536LDV_MDX[2],384PP_DMSO2,384PP[9],1536LDV_MDX[2],XYZ-331-001,200,uM,DMSO,4,uL,0.375,uM
668,C16,H8,2.5,nL,101,1536LDV_MDX[2],384PP_DMSO2,384PP[9],1536LDV_MDX[2],XYZ-331-001,200,uM,DMSO,4,uL,0.125,uM
668,D16,H9,10,nL,101,1536LDV_MDX[2],384PP_DMSO2,384PP[9],1536LDV_MDX[2],XYZ-331-001,20,uM,DMSO,4,uL,0.05,uM
668,E16,H10,30,nL,101,1536LDV_MDX[2],384PP_DMSO2,384PP[9],1536LDV_MDX[2],XYZ-331-001,2,uM,DMSO,4,uL,0.015,uM
668,E16,H11,10,nL,101,1536LDV_MDX[2],384PP_DMSO2,384PP[9],1536LDV_MDX[2],XYZ-331-001,2,uM,DMSO,4,uL,0.005,uM
668,A16,H12,20,nL,101,1536LDV_MDX[2],384PP_DMSO2,384PP[9],1536LDV_MDX[2],XYZ-331-001,20000,uM,DMSO,4,uL,100,uM
668,A16,H13,7.5,nL,101,1536LDV_MDX[2],384PP_DMSO2,384PP[9],1536LDV_MDX[2],XYZ-331-001,20000,uM,DMSO,4,uL,37.5,uM
668,A16,H14,2.5,nL,101,1536LDV_MDX[2],384PP_DMSO2,384PP[9],1536LDV_MDX[2],XYZ-331-001,20000,uM,DMSO,4,uL,12.5,uM
668,B16,H15,7.5,nL,101,1536LDV_MDX[2],384PP_DMSO2,384PP[9],1536LDV_MDX[2],XYZ-331-001,2000,uM,DMSO,4,uL,3.75,uM
668,B16,H16,2.5,nL,101,1536LDV_MDX[2],384PP_DMSO2,384PP[9],1536LDV_MDX[2],XYZ-331-001,2000,uM,DMSO,4,uL,1.25,uM
668,C16,H17,7.5,nL,101,1536LDV_MDX[2],384PP_DMSO2,384PP[9],1536LDV_MDX[2],XYZ-331-001,200,uM,DMSO,4,uL,0.375,uM
668,C16,H18,2.5,nL,101,1536LDV_MDX[2],384PP_DMSO2,384PP[9],1536LDV_MDX[2],XYZ-331-001,200,uM,DMSO,4,uL,0.125,uM
668,D16,H19,10,nL,101,1536LDV_MDX[2],384PP_DMSO2,384PP[9],1536LDV_MDX[2],XYZ-331-001,20,uM,DMSO,4,uL,0.05,uM
668,E16,H20,30,nL,101,1536LDV_MDX[2],384PP_DMSO2,384PP[9],1536LDV_MDX[2],XYZ-331-001,2,uM,DMSO,4,uL,0.015,uM
668,E16,H21,10,nL,101,1536LDV_MDX[2],384PP_DMSO2,384PP[9],1536LDV_MDX[2],XYZ-331-001,2,uM,DMSO,4,uL,0.005,uM
668,A16,H22,20,nL,101,1536LDV_MDX[2],384PP_DMSO2,384PP[9],1536LDV_MDX[2],XYZ-331-001,20000,uM,DMSO,4,uL,100,uM
668,A16,H23,7.5,nL,101,1536LDV_MDX[2],384PP_DMSO2,384PP[9],1536LDV_MDX[2],XYZ-331-001,20000,uM,DMSO,4,uL,37.5,uM
668,A16,H24,2.5,nL,101,1536LDV_MDX[2],384PP_DMSO2,384PP[9],1536LDV_MDX[2],XYZ-331-001,20000,uM,DMSO,4,uL,12.5,uM
668,B16,H25,7.5,nL,101,1536LDV_MDX[2],384PP_DMSO2,384PP[9],1536LDV_MDX[2],XYZ-331-001,2000,uM,DMSO,4,uL,3.75,uM
668,B16,H26,2.5,nL,101,1536LDV_MDX[2],384PP_DMSO2,384PP[9],1536LDV_MDX[2],XYZ-331-001,2000,uM,DMSO,4,uL,1.25,uM
668,C16,H27,7.5,nL,101,1536LDV_MDX[2],384PP_DMSO2,384PP[9],1536LDV_MDX[2],XYZ-331-001,200,uM,DMSO,4,uL,0.375,uM
668,C16,H28,2.5,nL,101,1536LDV_MDX[2],384PP_DMSO2,384PP[9],1536LDV_MDX[2],XYZ-331-001,200,uM,DMSO,4,uL,0.125,uM
668,D16,H29,10,nL,101,1536LDV_MDX[2],384PP_DMSO2,384PP[9],1536LDV_MDX[2],XYZ-331-001,20,uM,DMSO,4,uL,0.05,uM
668,E16,H30,30,nL,101,1536LDV_MDX[2],384PP_DMSO2,384PP[9],1536LDV_MDX[2],XYZ-331-001,2,uM,DMSO,4,uL,0.015,uM
668,E16,H31,10,nL,101,1536LDV_MDX[2],384PP_DMSO2,384PP[9],1536LDV_MDX[2],XYZ-331-001,2,uM,DMSO,4,uL,0.005,uM
668,F07,H32,20,nL,101,1536LDV_MDX[2],384PP_DMSO2,384PP[9],1536LDV_MDX[2],XYZ-345-001,20000,uM,DMSO,4,uL,100,uM
668,F07,H33,7.5,nL,101,1536LDV_MDX[2],384PP_DMSO2,384PP[9],1536LDV_MDX[2],XYZ-345-001,20000,uM,DMSO,4,uL,37.5,uM
668,F07,H34,2.5,nL,101,1536LDV_MDX[2],384PP_DMSO2,384PP[9],1536LDV_MDX[2],XYZ-345-001,20000,uM,DMSO,4,uL,12.5,uM
668,G07,H35,7.5,nL,101,1536LDV_MDX[2],384PP_DMSO2,384PP[9],1536LDV_MDX[2],XYZ-345-001,2000,uM,DMSO,4,uL,3.75,uM
668,G07,H36,2.5,nL,101,1536LDV_MDX[2],384PP_DMSO2,384PP[9],1536LDV_MDX[2],XYZ-345-001,2000,uM,DMSO,4,uL,1.25,uM
668,H07,H37,7.5,nL,101,1536LDV_MDX[2],384PP_DMSO2,384PP[9],1536LDV_MDX[2],XYZ-345-001,200,uM,DMSO,4,uL,0.375,uM
668,H07,H38,2.5,nL,101,1536LDV_MDX[2],384PP_DMSO2,384PP[9],1536LDV_MDX[2],XYZ-345-001,200,uM,DMSO,4,uL,0.125,uM
668,I07,H39,10,nL,101,1536LDV_MDX[2],384PP_DMSO2,384PP[9],1536LDV_MDX[2],XYZ-345-001,20,uM,DMSO,4,uL,0.05,uM
668,J07,H40,30,nL,101,1536LDV_MDX[2],384PP_DMSO2,384PP[9],1536LDV_MDX[2],XYZ-345-001,2,uM,DMSO,4,uL,0.015,uM
668,J07,H41,10,nL,101,1536LDV_MDX[2],384PP_DMSO2,384PP[9],1536LDV_MDX[2],XYZ-345-001,2,uM,DMSO,4,uL,0.005,uM
668,F07,I2,20,nL,101,1536LDV_MDX[2],384PP_DMSO2,384PP[9],1536LDV_MDX[2],XYZ-345-001,20000,uM,DMSO,4,uL,100,uM
668,F07,I3,7.5,nL,101,1536LDV_MDX[2],384PP_DMSO2,384PP[9],1536LDV_MDX[2],XYZ-345-001,20000,uM,DMSO,4,uL,37.5,uM
668,F07,I4,2.5,nL,101,1536LDV_MDX[2],384PP_DMSO2,384PP[9],1536LDV_MDX[2],XYZ-345-001,20000,uM,DMSO,4,uL,12.5,uM
668,G07,I5,7.5,nL,101,1536LDV_MDX[2],384PP_DMSO2,384PP[9],1536LDV_MDX[2],XYZ-345-001,2000,uM,DMSO,4,uL,3.75,uM
668,G07,I6,2.5,nL,101,1536LDV_MDX[2],384PP_DMSO2,384PP[9],1536LDV_MDX[2],XYZ-345-001,2000,uM,DMSO,4,uL,1.25,uM
668,H07,I7,7.5,nL,101,1536LDV_MDX[2],384PP_DMSO2,384PP[9],1536LDV_MDX[2],XYZ-345-001,200,uM,DMSO,4,uL,0.375,uM
668,H07,I8,2.5,nL,101,1536LDV_MDX[2],384PP_DMSO2,384PP[9],1536LDV_MDX[2],XYZ-345-001,200,uM,DMSO,4,uL,0.125,uM
668,I07,I9,10,nL,101,1536LDV_MDX[2],384PP_DMSO2,384PP[9],1536LDV_MDX[2],XYZ-345-001,20,uM,DMSO,4,uL,0.05,uM
668,J07,I10,30,nL,101,1536LDV_MDX[2],384PP_DMSO2,384PP[9],1536LDV_MDX[2],XYZ-345-001,2,uM,DMSO,4,uL,0.015,uM
668,J07,I11,10,nL,101,1536LDV_MDX[2],384PP_DMSO2,384PP[9],1536LDV_MDX[2],XYZ-345-001,2,uM,DMSO,4,uL,0.005,uM
668,F07,I12,20,nL,101,1536LDV_MDX[2],384PP_DMSO2,384PP[9],1536LDV_MDX[2],XYZ-345-001,20000,uM,DMSO,4,uL,100,uM
668,F07,I13,7.5,nL,101,1536LDV_MDX[2],384PP_DMSO2,384PP[9],1536LDV_MDX[2],XYZ-345-001,20000,uM,DMSO,4,uL,37.5,uM
668,F07,I14,2.5,nL,101,1536LDV_MDX[2],384PP_DMSO2,384PP[9],1536LDV_MDX[2],XYZ-345-001,20000,uM,DMSO,4,uL,12.5,uM
668,G07,I15,7.5,nL,101,1536LDV_MDX[2],384PP_DMSO2,384PP[9],1536LDV_MDX[2],XYZ-345-001,2000,uM,DMSO,4,uL,3.75,uM
668,G07,I16,2.5,nL,101,1536LDV_MDX[2],384PP_DMSO2,384PP[9],1536LDV_MDX[2],XYZ-345-001,2000,uM,DMSO,4,uL,1.25,uM
668,H07,I17,7.5,nL,101,1536LDV_MDX[2],384PP_DMSO2,384PP[9],1536LDV_MDX[2],XYZ-345-001,200,uM,DMSO,4,uL,0.375,uM
668,H07,I18,2.5,nL,101,1536LDV_MDX[2],384PP_DMSO2,384PP[9],1536LDV_MDX[2],XYZ-345-001,200,uM,DMSO,4,uL,0.125,uM
668,I07,I19,10,nL,101,1536LDV_MDX[2],384PP_DMSO2,384PP[9],1536LDV_MDX[2],XYZ-345-001,20,uM,DMSO,4,uL,0.05,uM
668,J07,I20,30,nL,101,1536LDV_MDX[2],384PP_DMSO2,384PP[9],1536LDV_MDX[2],XYZ-345-001,2,uM,DMSO,4,uL,0.015,uM
668,J07,I21,10,nL,101,1536LDV_MDX[2],384PP_DMSO2,384PP[9],1536LDV_MDX[2],XYZ-345-001,2,uM,DMSO,4,uL,0.005,uM
999,A12,I22,40,nL,101,1536LDV_MDX[2],384PP_DMSO2,384PP[10],1536LDV_MDX[2],XYZ-23-001,10000,uM,DMSO,4,uL,100,uM
999,A12,I23,12.5,nL,101,1536LDV_MDX[2],384PP_DMSO2,384PP[10],1536LDV_MDX[2],XYZ-23-001,10000,uM,DMSO,4,uL,31.25,uM
999,A12,I24,5,nL,101,1536LDV_MDX[2],384PP_DMSO2,384PP[10],1536LDV_MDX[2],XYZ-23-001,10000,uM,DMSO,4,uL,12.5,uM
999,B12,I25,15,nL,101,1536LDV_MDX[2],384PP_DMSO2,384PP[10],1536LDV_MDX[2],XYZ-23-001,1000,uM,DMSO,4,uL,3.75,uM
999,B12,I26,5,nL,101,1536LDV_MDX[2],384PP_DMSO2,384PP[10],1536LDV_MDX[2],XYZ-23-001,1000,uM,DMSO,4,uL,1.25,uM
999,C12,I27,17.5,nL,101,1536LDV_MDX[2],384PP_DMSO2,384PP[10],1536LDV_MDX[2],XYZ-23-001,100,uM,DMSO,4,uL,0.43750000000000006,uM
999,C12,I28,5,nL,101,1536LDV_MDX[2],384PP_DMSO2,384PP[10],1536LDV_MDX[2],XYZ-23-001,100,uM,DMSO,4,uL,0.125,uM
999,D12,I29,17.5,nL,101,1536LDV_MDX[2],384PP_DMSO2,384PP[10],1536LDV_MDX[2],XYZ-23-001,10,uM,DMSO,4,uL,0.043750000000000004,uM
999,E12,I30,60,nL,101,1536LDV_MDX[2],384PP_DMSO2,384PP[10],1536LDV_MDX[2],XYZ-23-001,1,uM,DMSO,4,uL,0.015,uM
999,E12,I31,20,nL,101,1536LDV_MDX[2],384PP_DMSO2,384PP[10],1536LDV_MDX[2],XYZ-23-001,1,uM,DMSO,4,uL,0.005,uM
999,A12,I32,40,nL,101,1536LDV_MDX[2],384PP_DMSO2,384PP[10],1536LDV_MDX[2],XYZ-23-001,10000,uM,DMSO,4,uL,100,uM
999,A12,I33,12.5,nL,101,1536LDV_MDX[2],384PP_DMSO2,384PP[10],1536LDV_MDX[2],XYZ-23-001,10000,uM,DMSO,4,uL,31.25,uM
999,A12,I34,5,nL,101,1536LDV_MDX[2],384PP_DMSO2,384PP[10],1536LDV_MDX[2],XYZ-23-001,10000,uM,DMSO,4,uL,12.5,uM
999,B12,I35,15,nL,101,1536LDV_MDX[2],384PP_DMSO2,384PP[10],1536LDV_MDX[2],XYZ-23-001,1000,uM,DMSO,4,uL,3.75,uM
999,B12,I36,5,nL,101,1536LDV_MDX[2],384PP_DMSO2,384PP[10],1536LDV_MDX[2],XYZ-23-001,1000,uM,DMSO,4,uL,1.25,uM
999,C12,I37,17.5,nL,101,1536LDV_MDX[2],384PP_DMSO2,384PP[10],1536LDV_MDX[2],XYZ-23-001,100,uM,DMSO,4,uL,0.43750000000000006,uM
999,C12,I38,5,nL,101,1536LDV_MDX[2],384PP_DMSO2,384PP[10],1536LDV_MDX[2],XYZ-23-001,100,uM,DMSO,4,uL,0.125,uM
999,D12,I39,17.5,nL,101,1536LDV_MDX[2],384PP_DMSO2,384PP[10],1536LDV_MDX[2],XYZ-23-001,10,uM,DMSO,4,uL,0.043750000000000004,uM
999,E12,I40,60,nL,101,1536LDV_MDX[2],384PP_DMSO2,384PP[10],1536LDV_MDX[2],XYZ-23-001,1,uM,DMSO,4,uL,0.015,uM
999,E12,I41,20,nL,101,1536LDV_MDX[2],384PP_DMSO2,384PP[10],1536LDV_MDX[2],XYZ-23-001,1,uM,DMSO,4,uL,0.005,uM
999,A12,J2,40,nL,101,1536LDV_MDX[2],384PP_DMSO2,384PP[10],1536LDV_MDX[2],XYZ-23-001,10000,uM,DMSO,4,uL,100,uM
999,A12,J3,12.5,nL,101,1536LDV_MDX[2],384PP_DMSO2,384PP[10],1536LDV_MDX[2],XYZ-23-001,10000,uM,DMSO,4,uL,31.25,uM
999,A12,J4,5,nL,101,1536LDV_MDX[2],384PP_DMSO2,384PP[10],1536LDV_MDX[2],XYZ-23-001,10000,uM,DMSO,4,uL,12.5,uM
999,B12,J5,15,nL,101,1536LDV_MDX[2],384PP_DMSO2,384PP[10],1536LDV_MDX[2],XYZ-23-001,1000,uM,DMSO,4,uL,3.75,uM
999,B12,J6,5,nL,101,1536LDV_MDX[2],384PP_DMSO2,384PP[10],1536LDV_MDX[2],XYZ-23-001,1000,uM,DMSO,4,uL,1.25,uM
999,C12,J7,17.5,nL,101,1536LDV_MDX[2],384PP_DMSO2,384PP[10],1536LDV_MDX[2],XYZ-23-001,100,uM,DMSO,4,uL,0.43750000000000006,uM
999,C12,J8,5,nL,101,1536LDV_MDX[2],384PP_DMSO2,384PP[10],1536LDV_MDX[2],XYZ-23-001,100,uM,DMSO,4,uL,0.125,uM
999,D12,J9,17.5,nL,101,1536LDV_MDX[2],384PP_DMSO2,384PP[10],1536LDV_MDX[2],XYZ-23-001,10,uM,DMSO,4,uL,0.043750000000000004,uM
999,E12,J10,60,nL,101,1536LDV_MDX[2],384PP_DMSO2,384PP[10],1536LDV_MDX[2],XYZ-23-001,1,uM,DMSO,4,uL,0.015,uM
999,E12,J11,20,nL,101,1536LDV_MDX[2],384PP_DMSO2,384PP[10],1536LDV_MDX[2],XYZ-23-001,1,uM,DMSO,4,uL,0.005,uM
999,A15,J12,40,nL,101,1536LDV_MDX[2],384PP_DMSO2,384PP[10],1536LDV_MDX[2],XYZ-24-001,10000,uM,DMSO,4,uL,100,uM
999,A15,J13,12.5,nL,101,1536LDV_MDX[2],384PP_DMSO2,384PP[10],1536LDV_MDX[2],XYZ-24-001,10000,uM,DMSO,4,uL,31.25,uM
999,A15,J14,5,nL,101,1536LDV_MDX[2],384PP_DMSO2,384PP[10],1536LDV_MDX[2],XYZ-24-001,10000,uM,DMSO,4,uL,12.5,uM
999,B15,J15,15,nL,101,1536LDV_MDX[2],384PP_DMSO2,384PP[10],1536LDV_MDX[2],XYZ-24-001,1000,uM,DMSO,4,uL,3.75,uM
999,B15,J16,5,nL,101,1536LDV_MDX[2],384PP_DMSO2,384PP[10],1536LDV_MDX[2],XYZ-24-001,1000,uM,DMSO,4,uL,1.25,uM
999,C15,J17,17.5,nL,101,1536LDV_MDX[2],384PP_DMSO2,384PP[10],1536LDV_MDX[2],XYZ-24-001,100,uM,DMSO,4,uL,0.43750000000000006,uM
999,C15,J18,5,nL,101,1536LDV_MDX[2],384PP_DMSO2,384PP[10],1536LDV_MDX[2],XYZ-24-001,100,uM,DMSO,4,uL,0.125,uM
999,D15,J19,17.5,nL,101,1536LDV_MDX[2],384PP_DMSO2,384PP[10],1536LDV_MDX[2],XYZ-24-001,10,uM,DMSO,4,uL,0.043750000000000004,uM
999,E15,J20,60,nL,101,1536LDV_MDX[2],384PP_DMSO2,384PP[10],1536LDV_MDX[2],XYZ-24-001,1,uM,DMSO,4,uL,0.015,uM
999,E15,J21,20,nL,101,1536LDV_MDX[2],384PP_DMSO2,384PP[10],1536LDV_MDX[2],XYZ-24-001,1,uM,DMSO,4,uL,0.005,uM
999,A15,J22,40,nL,101,1536LDV_MDX[2],384PP_DMSO2,384PP[10],1536LDV_MDX[2],XYZ-24-001,10000,uM,DMSO,4,uL,100,uM
999,A15,J23,12.5,nL,101,1536LDV_MDX[2],384PP_DMSO2,384PP[10],1536LDV_MDX[2],XYZ-24-001,10000,uM,DMSO,4,uL,31.25,uM
999,A15,J24,5,nL,101,1536LDV_MDX[2],384PP_DMSO2,384PP[10],1536LDV_MDX[2],XYZ-24-001,10000,uM,DMSO,4,uL,12.5,uM
999,B15,J25,15,nL,101,1536LDV_MDX[2],384PP_DMSO2,384PP[10],1536LDV_MDX[2],XYZ-24-001,1000,uM,DMSO,4,uL,3.75,uM
999,B15,J26,5,nL,101,1536LDV_MDX[2],384PP_DMSO2,384PP[10],1536LDV_MDX[2],XYZ-24-001,1000,uM,DMSO,4,uL,1.25,uM
999,C15,J27,17.5,nL,101,1536LDV_MDX[2],384PP_DMSO2,384PP[10],1536LDV_MDX[2],XYZ-24-001,100,uM,DMSO,4,uL,0.43750000000000006,uM
999,C15,J28,5,nL,101,1536LDV_MDX[2],384PP_DMSO2,384PP[10],1536LDV_MDX[2],XYZ-24-001,100,uM,DMSO,4,uL,0.125,uM
999,D15,J29,17.5,nL,101,1536LDV_MDX[2],384PP_DMSO2,384PP[10],1536LDV_MDX[2],XYZ-24-001,10,uM,DMSO,4,uL,0.043750000000000004,uM
999,E15,J30,60,nL,101,1536LDV_MDX[2],384PP_DMSO2,384PP[10],1536LDV_MDX[2],XYZ-24-001,1,uM,DMSO,4,uL,0.015,uM
999,E15,J31,20,nL,101,1536LDV_MDX[2],384PP_DMSO2,384PP[10],1536LDV_MDX[2],XYZ-24-001,1,uM,DMSO,4,uL,0.005,uM
999,A15,J32,40,nL,101,1536LDV_MDX[2],384PP_DMSO2,384PP[10],1536LDV_MDX[2],XYZ-24-001,10000,uM,DMSO,4,uL,100,uM
999,A15,J33,12.5,nL,101,1536LDV_MDX[2],384PP_DMSO2,384PP[10],1536LDV_MDX[2],XYZ-24-001,10000,uM,DMSO,4,uL,31.25,uM
999,A15,J34,5,nL,101,1536LDV_MDX[2],384PP_DMSO2,384PP[10],1536LDV_MDX[2],XYZ-24-001,10000,uM,DMSO,4,uL,12.5,uM
999,B15,J35,15,nL,101,1536LDV_MDX[2],384PP_DMSO2,384PP[10],1536LDV_MDX[2],XYZ-24-001,1000,uM,DMSO,4,uL,3.75,uM
999,B15,J36,5,nL,101,1536LDV_MDX[2],384PP_DMSO2,384PP[10],1536LDV_MDX[2],XYZ-24-001,1000,uM,DMSO,4,uL,1.25,uM
999,C15,J37,17.5,nL,101,1536LDV_MDX[2],384PP_DMSO2,384PP[10],1536LDV_MDX[2],XYZ-24-001,100,uM,DMSO,4,uL,0.43750000000000006,uM
999,C15,J38,5,nL,101,1536LDV_MDX[2],384PP_DMSO2,384PP[10],1536LDV_MDX[2],XYZ-24-001,100,uM,DMSO,4,uL,0.125,uM
999,D15,J39,17.5,nL,101,1536LDV_MDX[2],384PP_DMSO2,384PP[10],1536LDV_MDX[2],XYZ-24-001,10,uM,DMSO,4,uL,0.043750000000000004,uM
999,E15,J40,60,nL,101,1536LDV_MDX[2],384PP_DMSO2,384PP[10],1536LDV_MDX[2],XYZ-24-001,1,uM,DMSO,4,uL,0.015,uM
999,E15,J41,20,nL,101,1536LDV_MDX[2],384PP_DMSO2,384PP[10],1536LDV_MDX[2],XYZ-24-001,1,uM,DMSO,4,uL,0.005,uM
999,A16,K2,40,nL,101,1536LDV_MDX[2],384PP_DMSO2,384PP[10],1536LDV_MDX[2],XYZ-25-001,10000,uM,DMSO,4,uL,100,uM
999,A16,K3,12.5,nL,101,1536LDV_MDX[2],384PP_DMSO2,384PP[10],1536LDV_MDX[2],XYZ-25-001,10000,uM,DMSO,4,uL,31.25,uM
999,A16,K4,5,nL,101,1536LDV_MDX[2],384PP_DMSO2,384PP[10],1536LDV_MDX[2],XYZ-25-001,10000,uM,DMSO,4,uL,12.5,uM
999,B16,K5,15,nL,101,1536LDV_MDX[2],384PP_DMSO2,384PP[10],1536LDV_MDX[2],XYZ-25-001,1000,uM,DMSO,4,uL,3.75,uM
999,B16,K6,5,nL,101,1536LDV_MDX[2],384PP_DMSO2,384PP[10],1536LDV_MDX[2],XYZ-25-001,1000,uM,DMSO,4,uL,1.25,uM
999,C16,K7,17.5,nL,101,1536LDV_MDX[2],384PP_DMSO2,384PP[10],1536LDV_MDX[2],XYZ-25-001,100,uM,DMSO,4,uL,0.43750000000000006,uM
999,C16,K8,5,nL,101,1536LDV_MDX[2],384PP_DMSO2,384PP[10],1536LDV_MDX[2],XYZ-25-001,100,uM,DMSO,4,uL,0.125,uM
999,D16,K9,17.5,nL,101,1536LDV_MDX[2],384PP_DMSO2,384PP[10],1536LDV_MDX[2],XYZ-25-001,10,uM,DMSO,4,uL,0.043750000000000004,uM
999,E16,K10,60,nL,101,1536LDV_MDX[2],384PP_DMSO2,384PP[10],1536LDV_MDX[2],XYZ-25-001,1,uM,DMSO,4,uL,0.015,uM
999,E16,K11,20,nL,101,1536LDV_MDX[2],384PP_DMSO2,384PP[10],1536LDV_MDX[2],XYZ-25-001,1,uM,DMSO,4,uL,0.005,uM
999,A16,K12,40,nL,101,1536LDV_MDX[2],384PP_DMSO2,384PP[10],1536LDV_MDX[2],XYZ-25-001,10000,uM,DMSO,4,uL,100,uM
999,A16,K13,12.5,nL,101,1536LDV_MDX[2],384PP_DMSO2,384PP[10],1536LDV_MDX[2],XYZ-25-001,10000,uM,DMSO,4,uL,31.25,uM
999,A16,K14,5,nL,101,1536LDV_MDX[2],384PP_DMSO2,384PP[10],1536LDV_MDX[2],XYZ-25-001,10000,uM,DMSO,4,uL,12.5,uM
999,B16,K15,15,nL,101,1536LDV_MDX[2],384PP_DMSO2,384PP[10],1536LDV_MDX[2],XYZ-25-001,1000,uM,DMSO,4,uL,3.75,uM
999,B16,K16,5,nL,101,1536LDV_MDX[2],384PP_DMSO2,384PP[10],1536LDV_MDX[2],XYZ-25-001,1000,uM,DMSO,4,uL,1.25,uM
999,C16,K17,17.5,nL,101,1536LDV_MDX[2],384PP_DMSO2,384PP[10],1536LDV_MDX[2],XYZ-25-001,100,uM,DMSO,4,uL,0.43750000000000006,uM
999,C16,K18,5,nL,101,1536LDV_MDX[2],384PP_DMSO2,384PP[10],1536LDV_MDX[2],XYZ-25-001,100,uM,DMSO,4,uL,0.125,uM
999,D16,K19,17.5,nL,101,1536LDV_MDX[2],384PP_DMSO2,384PP[10],1536LDV_MDX[2],XYZ-25-001,10,uM,DMSO,4,uL,0.043750000000000004,uM
999,E16,K20,60,nL,101,1536LDV_MDX[2],384PP_DMSO2,384PP[10],1536LDV_MDX[2],XYZ-25-001,1,uM,DMSO,4,uL,0.015,uM
999,E16,K21,20,nL,101,1536LDV_MDX[2],384PP_DMSO2,384PP[10],1536LDV_MDX[2],XYZ-25-001,1,uM,DMSO,4,uL,0.005,uM
999,A16,K22,40,nL,101,1536LDV_MDX[2],384PP_DMSO2,384PP[10],1536LDV_MDX[2],XYZ-25-001,10000,uM,DMSO,4,uL,100,uM
999,A16,K23,12.5,nL,101,1536LDV_MDX[2],384PP_DMSO2,384PP[10],1536LDV_MDX[2],XYZ-25-001,10000,uM,DMSO,4,uL,31.25,uM
999,A16,K24,5,nL,101,1536LDV_MDX[2],384PP_DMSO2,384PP[10],1536LDV_MDX[2],XYZ-25-001,10000,uM,DMSO,4,uL,12.5,uM
999,B16,K25,15,nL,101,1536LDV_MDX[2],384PP_DMSO2,384PP[10],1536LDV_MDX[2],XYZ-25-001,1000,uM,DMSO,4,uL,3.75,uM
999,B16,K26,5,nL,101,1536LDV_MDX[2],384PP_DMSO2,384PP[10],1536LDV_MDX[2],XYZ-25-001,1000,uM,DMSO,4,uL,1.25,uM
999,C16,K27,17.5,nL,101,1536LDV_MDX[2],384PP_DMSO2,384PP[10],1536LDV_MDX[2],XYZ-25-001,100,uM,DMSO,4,uL,0.43750000000000006,uM
999,C16,K28,5,nL,101,1536LDV_MDX[2],384PP_DMSO2,384PP[10],1536LDV_MDX[2],XYZ-25-001,100,uM,DMSO,4,uL,0.125,uM
999,D16,K29,17.5,nL,101,1536LDV_MDX[2],384PP_DMSO2,384PP[10],1536LDV_MDX[2],XYZ-25-001,10,uM,DMSO,4,uL,0.043750000000000004,uM
999,E16,K30,60,nL,101,1536LDV_MDX[2],384PP_DMSO2,384PP[10],1536LDV_MDX[2],XYZ-25-001,1,uM,DMSO,4,uL,0.015,uM
999,E16,K31,20,nL,101,1536LDV_MDX[2],384PP_DMSO2,384PP[10],1536LDV_MDX[2],XYZ-25-001,1,uM,DMSO,4,uL,0.005,uM
999,A03,K32,40,nL,101,1536LDV_MDX[2],384PP_DMSO2,384PP[10],1536LDV_MDX[2],XYZ-918-001,10000,uM,DMSO,4,uL,100,uM
999,A03,K33,12.5,nL,101,1536LDV_MDX[2],384PP_DMSO2,384PP[10],1536LDV_MDX[2],XYZ-918-001,10000,uM,DMSO,4,uL,31.25,uM
999,A03,K34,5,nL,101,1536LDV_MDX[2],384PP_DMSO2,384PP[10],1536LDV_MDX[2],XYZ-918-001,10000,uM,DMSO,4,uL,12.5,uM
999,B03,K35,15,nL,101,1536LDV_MDX[2],384PP_DMSO2,384PP[10],1536LDV_MDX[2],XYZ-918-001,1000,uM,DMSO,4,uL,3.75,uM
999,B03,K36,5,nL,101,1536LDV_MDX[2],384PP_DMSO2,384PP[10],1536LDV_MDX[2],XYZ-918-001,1000,uM,DMSO,4,uL,1.25,uM
999,C03,K37,17.5,nL,101,1536LDV_MDX[2],384PP_DMSO2,384PP[10],1536LDV_MDX[2],XYZ-918-001,100,uM,DMSO,4,uL,0.43750000000000006,uM
999,C03,K38,5,nL,101,1536LDV_MDX[2],384PP_DMSO2,384PP[10],1536LDV_MDX[2],XYZ-918-001,100,uM,DMSO,4,uL,0.125,uM
999,D03,K39,17.5,nL,101,1536LDV_MDX[2],384PP_DMSO2,384PP[10],1536LDV_MDX[2],XYZ-918-001,10,uM,DMSO,4,uL,0.043750000000000004,uM
999,E03,K40,60,nL,101,1536LDV_MDX[2],384PP_DMSO2,384PP[10],1536LDV_MDX[2],XYZ-918-001,1,uM,DMSO,4,uL,0.015,uM
999,E03,K41,20,nL,101,1536LDV_MDX[2],384PP_DMSO2,384PP[10],1536LDV_MDX[2],XYZ-918-001,1,uM,DMSO,4,uL,0.005,uM
999,A03,L2,40,nL,101,1536LDV_MDX[2],384PP_DMSO2,384PP[10],1536LDV_MDX[2],XYZ-918-001,10000,uM,DMSO,4,uL,100,uM
999,A03,L3,12.5,nL,101,1536LDV_MDX[2],384PP_DMSO2,384PP[10],1536LDV_MDX[2],XYZ-918-001,10000,uM,DMSO,4,uL,31.25,uM
999,A03,L4,5,nL,101,1536LDV_MDX[2],384PP_DMSO2,384PP[10],1536LDV_MDX[2],XYZ-918-001,10000,uM,DMSO,4,uL,12.5,uM
999,B03,L5,15,nL,101,1536LDV_MDX[2],384PP_DMSO2,384PP[10],1536LDV_MDX[2],XYZ-918-001,1000,uM,DMSO,4,uL,3.75,uM
999,B03,L6,5,nL,101,1536LDV_MDX[2],384PP_DMSO2,384PP[10],1536LDV_MDX[2],XYZ-918-001,1000,uM,DMSO,4,uL,1.25,uM
999,C03,L7,17.5,nL,101,1536LDV_MDX[2],384PP_DMSO2,384PP[10],1536LDV_MDX[2],XYZ-918-001,100,uM,DMSO,4,uL,0.43750000000000006,uM
999,C03,L8,5,nL,101,1536LDV_MDX[2],384PP_DMSO2,384PP[10],1536LDV_MDX[2],XYZ-918-001,100,uM,DMSO,4,uL,0.125,uM
999,D03,L9,17.5,nL,101,1536LDV_MDX[2],384PP_DMSO2,384PP[10],1536LDV_MDX[2],XYZ-918-001,10,uM,DMSO,4,uL,0.043750000000000004,uM
999,E03,L10,60,nL,101,1536LDV_MDX[2],384PP_DMSO2,384PP[10],1536LDV_MDX[2],XYZ-918-001,1,uM,DMSO,4,uL,0.015,uM
999,E03,L11,20,nL,101,1536LDV_MDX[2],384PP_DMSO2,384PP[10],1536LDV_MDX[2],XYZ-918-001,1,uM,DMSO,4,uL,0.005,uM
999,A03,L12,40,nL,101,1536LDV_MDX[2],384PP_DMSO2,384PP[10],1536LDV_MDX[2],XYZ-918-001,10000,uM,DMSO,4,uL,100,uM
999,A03,L13,12.5,nL,101,1536LDV_MDX[2],384PP_DMSO2,384PP[10],1536LDV_MDX[2],XYZ-918-001,10000,uM,DMSO,4,uL,31.25,uM
999,A03,L14,5,nL,101,1536LDV_MDX[2],384PP_DMSO2,384PP[10],1536LDV_MDX[2],XYZ-918-001,10000,uM,DMSO,4,uL,12.5,uM
999,B03,L15,15,nL,101,1536LDV_MDX[2],384PP_DMSO2,384PP[10],1536LDV_MDX[2],XYZ-918-001,1000,uM,DMSO,4,uL,3.75,uM
999,B03,L16,5,nL,101,1536LDV_MDX[2],384PP_DMSO2,384PP[10],1536LDV_MDX[2],XYZ-918-001,1000,uM,DMSO,4,uL,1.25,uM
999,C03,L17,17.5,nL,101,1536LDV_MDX[2],384PP_DMSO2,384PP[10],1536LDV_MDX[2],XYZ-918-001,100,uM,DMSO,4,uL,0.43750000000000006,uM
999,C03,L18,5,nL,101,1536LDV_MDX[2],384PP_DMSO2,384PP[10],1536LDV_MDX[2],XYZ-918-001,100,uM,DMSO,4,uL,0.125,uM
999,D03,L19,17.5,nL,101,1536LDV_MDX[2],384PP_DMSO2,384PP[10],1536LDV_MDX[2],XYZ-918-001,10,uM,DMSO,4,uL,0.043750000000000004,uM
999,E03,L20,60,nL,101,1536LDV_MDX[2],384PP_DMSO2,384PP[10],1536LDV_MDX[2],XYZ-918-001,1,uM,DMSO,4,uL,0.015,uM
999,E03,L21,20,nL,101,1536LDV_MDX[2],384PP_DMSO2,384PP[10],1536LDV_MDX[2],XYZ-918-001,1,uM,DMSO,4,uL,0.005,uM
70000,B07,B43,12.5,nL,100,,384PP_DMSO2,384PP[1],1536LDV_MDX[1],Standard,30000,uM,DMSO,4,uL,93.75,uM
70000,B07,C43,12.5,nL,100,,384PP_DMSO2,384PP[1],1536LDV_MDX[1],Standard,30000,uM,DMSO,4,uL,93.75,uM
70000,B07,D43,12.5,nL,100,,384PP_DMSO2,384PP[1],1536LDV_MDX[1],Standard,30000,uM,DMSO,4,uL,93.75,uM
70000,B07,E43,12.5,nL,100,,384PP_DMSO2,384PP[1],1536LDV_MDX[1],Standard,30000,uM,DMSO,4,uL,93.75,uM
70000,B07,F43,12.5,nL,100,,384PP_DMSO2,384PP[1],1536LDV_MDX[1],Standard,30000,uM,DMSO,4,uL,93.75,uM
70000,B07,G43,12.5,nL,100,,384PP_DMSO2,384PP[1],1536LDV_MDX[1],Standard,30000,uM,DMSO,4,uL,93.75,uM
70000,B07,H43,12.5,nL,100,,384PP_DMSO2,384PP[1],1536LDV_MDX[1],Standard,30000,uM,DMSO,4,uL,93.75,uM
70000,B07,I43,12.5,nL,100,,384PP_DMSO2,384PP[1],1536LDV_MDX[1],Standard,30000,uM,DMSO,4,uL,93.75,uM
70000,B07,J43,12.5,nL,100,,384PP_DMSO2,384PP[1],1536LDV_MDX[1],Standard,30000,uM,DMSO,4,uL,93.75,uM
70000,B07,K43,12.5,nL,100,,384PP_DMSO2,384PP[1],1536LDV_MDX[1],Standard,30000,uM,DMSO,4,uL,93.75,uM
70000,B07,L43,12.5,nL,100,,384PP_DMSO2,384PP[1],1536LDV_MDX[1],Standard,30000,uM,DMSO,4,uL,93.75,uM
70000,B07,M43,12.5,nL,100,,384PP_DMSO2,384PP[1],1536LDV_MDX[1],Standard,30000,uM,DMSO,4,uL,93.75,uM
70000,B07,N43,12.5,nL,100,,384PP_DMSO2,384PP[1],1536LDV_MDX[1],Standard,30000,uM,DMSO,4,uL,93.75,uM
70000,B07,O43,12.5,nL,100,,384PP_DMSO2,384PP[1],1536LDV_MDX[1],Standard,30000,uM,DMSO,4,uL,93.75,uM
70000,B07,P43,12.5,nL,100,,384PP_DMSO2,384PP[1],1536LDV_MDX[1],Standard,30000,uM,DMSO,4,uL,93.75,uM
70000,B07,Q43,12.5,nL,100,,384PP_DMSO2,384PP[1],1536LDV_MDX[1],Standard,30000,uM,DMSO,4,uL,93.75,uM
70000,B07,R43,12.5,nL,100,,384PP_DMSO2,384PP[1],1536LDV_MDX[1],Standard,30000,uM,DMSO,4,uL,93.75,uM
70000,B07,S43,12.5,nL,100,,384PP_DMSO2,384PP[1],1536LDV_MDX[1],Standard,30000,uM,DMSO,4,uL,93.75,uM
70000,B07,T43,12.5,nL,100,,384PP_DMSO2,384PP[1],1536LDV_MDX[1],Standard,30000,uM,DMSO,4,uL,93.75,uM
70000,B07,U43,12.5,nL,100,,384PP_DMSO2,384PP[1],1536LDV_MDX[1],Standard,30000,uM,DMSO,4,uL,93.75,uM
70000,B07,V43,12.5,nL,100,,384PP_DMSO2,384PP[1],1536LDV_MDX[1],Standard,30000,uM,DMSO,4,uL,93.75,uM
70000,B07,W43,12.5,nL,100,,384PP_DMSO2,384PP[1],1536LDV_MDX[1],Standard,30000,uM,DMSO,4,uL,93.75,uM
70000,B07,X43,12.5,nL,100,,384PP_DMSO2,384PP[1],1536LDV_MDX[1],Standard,30000,uM,DMSO,4,uL,93.75,uM
70000,B07,Y43,12.5,nL,100,,384PP_DMSO2,384PP[1],1536LDV_MDX[1],Standard,30000,uM,DMSO,4,uL,93.75,uM
70000,B07,Z43,12.5,nL,100,,384PP_DMSO2,384PP[1],1536LDV_MDX[1],Standard,30000,uM,DMSO,4,uL,93.75,uM
70000,B07,AA43,12.5,nL,100,,384PP_DMSO2,384PP[1],1536LDV_MDX[1],Standard,30000,uM,DMSO,4,uL,93.75,uM
70000,B07,AB43,12.5,nL,100,,384PP_DMSO2,384PP[1],1536LDV_MDX[1],Standard,30000,uM,DMSO,4,uL,93.75,uM
70000,B07,AC43,12.5,nL,100,,384PP_DMSO2,384PP[1],1536LDV_MDX[1],Standard,30000,uM,DMSO,4,uL,93.75,uM
70000,B07,AD43,12.5,nL,100,,384PP_DMSO2,384PP[1],1536LDV_MDX[1],Standard,30000,uM,DMSO,4,uL,93.75,uM
70000,B07,AE43,12.5,nL,100,,384PP_DMSO2,384PP[1],1536LDV_MDX[1],Standard,30000,uM,DMSO,4,uL,93.75,uM
70000,B07,B43,12.5,nL,101,,384PP_DMSO2,384PP[1],1536LDV_MDX[2],Standard,30000,uM,DMSO,4,uL,93.75,uM
70000,B07,C43,12.5,nL,101,,384PP_DMSO2,384PP[1],1536LDV_MDX[2],Standard,30000,uM,DMSO,4,uL,93.75,uM
70000,B07,D43,12.5,nL,101,,384PP_DMSO2,384PP[1],1536LDV_MDX[2],Standard,30000,uM,DMSO,4,uL,93.75,uM
70000,B07,E43,12.5,nL,101,,384PP_DMSO2,384PP[1],1536LDV_MDX[2],Standard,30000,uM,DMSO,4,uL,93.75,uM
70000,B07,F43,12.5,nL,101,,384PP_DMSO2,384PP[1],1536LDV_MDX[2],Standard,30000,uM,DMSO,4,uL,93.75,uM
70000,B07,G43,12.5,nL,101,,384PP_DMSO2,384PP[1],1536LDV_MDX[2],Standard,30000,uM,DMSO,4,uL,93.75,uM
70000,B07,H43,12.5,nL,101,,384PP_DMSO2,384PP[1],1536LDV_MDX[2],Standard,30000,uM,DMSO,4,uL,93.75,uM
70000,B07,I43,12.5,nL,101,,384PP_DMSO2,384PP[1],1536LDV_MDX[2],Standard,30000,uM,DMSO,4,uL,93.75,uM
70000,B07,J43,12.5,nL,101,,384PP_DMSO2,384PP[1],1536LDV_MDX[2],Standard,30000,uM,DMSO,4,uL,93.75,uM
70000,B07,K43,12.5,nL,101,,384PP_DMSO2,384PP[1],1536LDV_MDX[2],Standard,30000,uM,DMSO,4,uL,93.75,uM
70000,B07,L43,12.5,nL,101,,384PP_DMSO2,384PP[1],1536LDV_MDX[2],Standard,30000,uM,DMSO,4,uL,93.75,uM
70000,B07,M43,12.5,nL,101,,384PP_DMSO2,384PP[1],1536LDV_MDX[2],Standard,30000,uM,DMSO,4,uL,93.75,uM
70000,B07,N43,12.5,nL,101,,384PP_DMSO2,384PP[1],1536LDV_MDX[2],Standard,30000,uM,DMSO,4,uL,93.75,uM
70000,B07,O43,12.5,nL,101,,384PP_DMSO2,384PP[1],1536LDV_MDX[2],Standard,30000,uM,DMSO,4,uL,93.75,uM
70000,B07,P43,12.5,nL,101,,384PP_DMSO2,384PP[1],1536LDV_MDX[2],Standard,30000,uM,DMSO,4,uL,93.75,uM
70000,B07,Q43,12.5,nL,101,,384PP_DMSO2,384PP[1],1536LDV_MDX[2],Standard,30000,uM,DMSO,4,uL,93.75,uM
70000,B07,R43,12.5,nL,101,,384PP_DMSO2,384PP[1],1536LDV_MDX[2],Standard,30000,uM,DMSO,4,uL,93.75,uM
70000,B07,S43,12.5,nL,101,,384PP_DMSO2,384PP[1],1536LDV_MDX[2],Standard,30000,uM,DMSO,4,uL,93.75,uM
70000,B07,T43,12.5,nL,101,,384PP_DMSO2,384PP[1],1536LDV_MDX[2],Standard,30000,uM,DMSO,4,uL,93.75,uM
70000,B07,U43,12.5,nL,101,,384PP_DMSO2,384PP[1],1536LDV_MDX[2],Standard,30000,uM,DMSO,4,uL,93.75,uM
70000,B07,V43,12.5,nL,101,,384PP_DMSO2,384PP[1],1536LDV_MDX[2],Standard,30000,uM,DMSO,4,uL,93.75,uM
70000,B07,W43,12.5,nL,101,,384PP_DMSO2,384PP[1],1536LDV_MDX[2],Standard,30000,uM,DMSO,4,uL,93.75,uM
70000,B07,X43,12.5,nL,101,,384PP_DMSO2,384PP[1],1536LDV_MDX[2],Standard,30000,uM,DMSO,4,uL,93.75,uM
70000,B07,Y43,12.5,nL,101,,384PP_DMSO2,384PP[1],1536LDV_MDX[2],Standard,30000,uM,DMSO,4,uL,93.75,uM
70000,B07,Z43,12.5,nL,101,,384PP_DMSO2,384PP[1],1536LDV_MDX[2],Standard,30000,uM,DMSO,4,uL,93.75,uM
70000,B07,AA43,12.5,nL,101,,384PP_DMSO2,384PP[1],1536LDV_MDX[2],Standard,30000,uM,DMSO,4,uL,93.75,uM
70000,B07,AB43,12.5,nL,101,,384PP_DMSO2,384PP[1],1536LDV_MDX[2],Standard,30000,uM,DMSO,4,uL,93.75,uM
70000,B07,AC43,12.5,nL,101,,384PP_DMSO2,384PP[1],1536LDV_MDX[2],Standard,30000,uM,DMSO,4,uL,93.75,uM
70000,B07,AD43,12.5,nL,101,,384PP_DMSO2,384PP[1],1536LDV_MDX[2],Standard,30000,uM,DMSO,4,uL,93.75,uM
70000,B07,AE43,12.5,nL,101,,384PP_DMSO2,384PP[1],1536LDV_MDX[2],Standard,30000,uM,DMSO,4,uL,93.75,uM
70000,B07,B45,0,nL,100,,384PP_DMSO2,384PP[1],1536LDV_MDX[1],Standard,30000,uM,DMSO,4,uL,0,uM
70000,B07,C45,0,nL,100,,384PP_DMSO2,384PP[1],1536LDV_MDX[1],Standard,30000,uM,DMSO,4,uL,0,uM
70000,B07,D45,0,nL,100,,384PP_DMSO2,384PP[1],1536LDV_MDX[1],Standard,30000,uM,DMSO,4,uL,0,uM
70000,B07,E45,0,nL,100,,384PP_DMSO2,384PP[1],1536LDV_MDX[1],Standard,30000,uM,DMSO,4,uL,0,uM
70000,B07,F45,0,nL,100,,384PP_DMSO2,384PP[1],1536LDV_MDX[1],Standard,30000,uM,DMSO,4,uL,0,uM
70000,B07,G45,0,nL,100,,384PP_DMSO2,384PP[1],1536LDV_MDX[1],Standard,30000,uM,DMSO,4,uL,0,uM
70000,B07,H45,0,nL,100,,384PP_DMSO2,384PP[1],1536LDV_MDX[1],Standard,30000,uM,DMSO,4,uL,0,uM
70000,B07,I45,0,nL,100,,384PP_DMSO2,384PP[1],1536LDV_MDX[1],Standard,30000,uM,DMSO,4,uL,0,uM
70000,B07,J45,0,nL,100,,384PP_DMSO2,384PP[1],1536LDV_MDX[1],Standard,30000,uM,DMSO,4,uL,0,uM
70000,B07,K45,0,nL,100,,384PP_DMSO2,384PP[1],1536LDV_MDX[1],Standard,30000,uM,DMSO,4,uL,0,uM
70000,B07,L45,0,nL,100,,384PP_DMSO2,384PP[1],1536LDV_MDX[1],Standard,30000,uM,DMSO,4,uL,0,uM
70000,B07,M45,0,nL,100,,384PP_DMSO2,384PP[1],1536LDV_MDX[1],Standard,30000,uM,DMSO,4,uL,0,uM
70000,B07,N45,0,nL,100,,384PP_DMSO2,384PP[1],1536LDV_MDX[1],Standard,30000,uM,DMSO,4,uL,0,uM
70000,B07,O45,0,nL,100,,384PP_DMSO2,384PP[1],1536LDV_MDX[1],Standard,30000,uM,DMSO,4,uL,0,uM
70000,B07,P45,0,nL,100,,384PP_DMSO2,384PP[1],1536LDV_MDX[1],Standard,30000,uM,DMSO,4,uL,0,uM
70000,B07,Q45,0,nL,100,,384PP_DMSO2,384PP[1],1536LDV_MDX[1],Standard,30000,uM,DMSO,4,uL,0,uM
70000,B07,R45,0,nL,100,,384PP_DMSO2,384PP[1],1536LDV_MDX[1],Standard,30000,uM,DMSO,4,uL,0,uM
70000,B07,S45,0,nL,100,,384PP_DMSO2,384PP[1],1536LDV_MDX[1],Standard,30000,uM,DMSO,4,uL,0,uM
70000,B07,T45,0,nL,100,,384PP_DMSO2,384PP[1],1536LDV_MDX[1],Standard,30000,uM,DMSO,4,uL,0,uM
70000,B07,U45,0,nL,100,,384PP_DMSO2,384PP[1],1536LDV_MDX[1],Standard,30000,uM,DMSO,4,uL,0,uM
70000,B07,V45,0,nL,100,,384PP_DMSO2,384PP[1],1536LDV_MDX[1],Standard,30000,uM,DMSO,4,uL,0,uM
70000,B07,W45,0,nL,100,,384PP_DMSO2,384PP[1],1536LDV_MDX[1],Standard,30000,uM,DMSO,4,uL,0,uM
70000,B07,X45,0,nL,100,,384PP_DMSO2,384PP[1],1536LDV_MDX[1],Standard,30000,uM,DMSO,4,uL,0,uM
70000,B07,Y45,0,nL,100,,384PP_DMSO2,384PP[1],1536LDV_MDX[1],Standard,30000,uM,DMSO,4,uL,0,uM
70000,B07,Z45,0,nL,100,,384PP_DMSO2,384PP[1],1536LDV_MDX[1],Standard,30000,uM,DMSO,4,uL,0,uM
70000,B07,AA45,0,nL,100,,384PP_DMSO2,384PP[1],1536LDV_MDX[1],Standard,30000,uM,DMSO,4,uL,0,uM
70000,B07,AB45,0,nL,100,,384PP_DMSO2,384PP[1],1536LDV_MDX[1],Standard,30000,uM,DMSO,4,uL,0,uM
70000,B07,AC45,0,nL,100,,384PP_DMSO2,384PP[1],1536LDV_MDX[1],Standard,30000,uM,DMSO,4,uL,0,uM
70000,B07,AD45,0,nL,100,,384PP_DMSO2,384PP[1],1536LDV_MDX[1],Standard,30000,uM,DMSO,4,uL,0,uM
70000,B07,AE45,0,nL,100,,384PP_DMSO2,384PP[1],1536LDV_MDX[1],Standard,30000,uM,DMSO,4,uL,0,uM
70000,B07,B45,0,nL,101,,384PP_DMSO2,384PP[1],1536LDV_MDX[2],Standard,30000,uM,DMSO,4,uL,0,uM
70000,B07,C45,0,nL,101,,384PP_DMSO2,384PP[1],1536LDV_MDX[2],Standard,30000,uM,DMSO,4,uL,0,uM
70000,B07,D45,0,nL,101,,384PP_DMSO2,384PP[1],1536LDV_MDX[2],Standard,30000,uM,DMSO,4,uL,0,uM
70000,B07,E45,0,nL,101,,384PP_DMSO2,384PP[1],1536LDV_MDX[2],Standard,30000,uM,DMSO,4,uL,0,uM
70000,B07,F45,0,nL,101,,384PP_DMSO2,384PP[1],1536LDV_MDX[2],Standard,30000,uM,DMSO,4,uL,0,uM
70000,B07,G45,0,nL,101,,384PP_DMSO2,384PP[1],1536LDV_MDX[2],Standard,30000,uM,DMSO,4,uL,0,uM
70000,B07,H45,0,nL,101,,384PP_DMSO2,384PP[1],1536LDV_MDX[2],Standard,30000,uM,DMSO,4,uL,0,uM
70000,B07,I45,0,nL,101,,384PP_DMSO2,384PP[1],1536LDV_MDX[2],Standard,30000,uM,DMSO,4,uL,0,uM
70000,B07,J45,0,nL,101,,384PP_DMSO2,384PP[1],1536LDV_MDX[2],Standard,30000,uM,DMSO,4,uL,0,uM
70000,B07,K45,0,nL,101,,384PP_DMSO2,384PP[1],1536LDV_MDX[2],Standard,30000,uM,DMSO,4,uL,0,uM
70000,B07,L45,0,nL,101,,384PP_DMSO2,384PP[1],1536LDV_MDX[2],Standard,30000,uM,DMSO,4,uL,0,uM
70000,B07,M45,0,nL,101,,384PP_DMSO2,384PP[1],1536LDV_MDX[2],Standard,30000,uM,DMSO,4,uL,0,uM
70000,B07,N45,0,nL,101,,384PP_DMSO2,384PP[1],1536LDV_MDX[2],Standard,30000,uM,DMSO,4,uL,0,uM
70000,B07,O45,0,nL,101,,384PP_DMSO2,384PP[1],1536LDV_MDX[2],Standard,30000,uM,DMSO,4,uL,0,uM
70000,B07,P45,0,nL,101,,384PP_DMSO2,384PP[1],1536LDV_MDX[2],Standard,30000,uM,DMSO,4,uL,0,uM
70000,B07,Q45,0,nL,101,,384PP_DMSO2,384PP[1],1536LDV_MDX[2],Standard,30000,uM,DMSO,4,uL,0,uM
70000,B07,R45,0,nL,101,,384PP_DMSO2,384PP[1],1536LDV_MDX[2],Standard,30000,uM,DMSO,4,uL,0,uM
70000,B07,S45,0,nL,101,,384PP_DMSO2,384PP[1],1536LDV_MDX[2],Standard,30000,uM,DMSO,4,uL,0,uM
70000,B07,T45,0,nL,101,,384PP_DMSO2,384PP[1],1536LDV_MDX[2],Standard,30000,uM,DMSO,4,uL,0,uM
70000,B07,U45,0,nL,101,,384PP_DMSO2,384PP[1],1536LDV_MDX[2],Standard,30000,uM,DMSO,4,uL,0,uM
70000,B07,V45,0,nL,101,,384PP_DMSO2,384PP[1],1536LDV_MDX[2],Standard,30000,uM,DMSO,4,uL,0,uM
70000,B07,W45,0,nL,101,,384PP_DMSO2,384PP[1],1536LDV_MDX[2],Standard,30000,uM,DMSO,4,uL,0,uM
70000,B07,X45,0,nL,101,,384PP_DMSO2,384PP[1],1536LDV_MDX[2],Standard,30000,uM,DMSO,4,uL,0,uM
70000,B07,Y45,0,nL,101,,384PP_DMSO2,384PP[1],1536LDV_MDX[2],Standard,30000,uM,DMSO,4,uL,0,uM
70000,B07,Z45,0,nL,101,,384PP_DMSO2,384PP[1],1536LDV_MDX[2],Standard,30000,uM,DMSO,4,uL,0,uM
70000,B07,AA45,0,nL,101,,384PP_DMSO2,384PP[1],1536LDV_MDX[2],Standard,30000,uM,DMSO,4,uL,0,uM
70000,B07,AB45,0,nL,101,,384PP_DMSO2,384PP[1],1536LDV_MDX[2],Standard,30000,uM,DMSO,4,uL,0,uM
70000,B07,AC45,0,nL,101,,384PP_DMSO2,384PP[1],1536LDV_MDX[2],Standard,30000,uM,DMSO,4,uL,0,uM
70000,B07,AD45,0,nL,101,,384PP_DMSO2,384PP[1],1536LDV_MDX[2],Standard,30000,uM,DMSO,4,uL,0,uM
70000,B07,AE45,0,nL,101,,384PP_DMSO2,384PP[1],1536LDV_MDX[2],Standard,30000,uM,DMSO,4,uL,0,uM
