Source Plate Barcode,Source Well,Destination Well,Transfer Volume,Transfer Volume Unit,Destination Plate Barcode,Destination Plate Type,Source Plate Type,Source Plate Name,Destination Plate Name,Sample Name,Stock Concentration,Stock Concentration Unit,Solvent,Final Volume,Final Volume Unit,Final Concentration,Final Concentration Unit
0,B19,B32,20,nL,100,1536LDV_MDX[1],384LDV_DMSO,384LDV[1],1536LDV_MDX[1],XYZ-364-001,20000,uM,DMSO,4,uL,100,uM
0,B19,B33,7.5,nL,100,1536LDV_MDX[1],384LDV_DMSO,384LDV[1],1536LDV_MDX[1],XYZ-364-001,20000,uM,DMSO,4,uL,37.5,uM
0,B19,B34,2.5,nL,100,1536LDV_MDX[1],384LDV_DMSO,384LDV[1],1536LDV_MDX[1],XYZ-364-001,20000,uM,DMSO,4,uL,12.5,uM
0,B19,B41,0,nL,100,1536LDV_MDX[1],384LDV_DMSO,384LDV[1],1536LDV_MDX[1],XYZ-364-001,20000,uM,DMSO,4,uL,0,uM
0,B19,C2,20,nL,100,1536LDV_MDX[1],384LDV_DMSO,384LDV[1],1536LDV_MDX[1],XYZ-364-001,20000,uM,DMSO,4,uL,100,uM
0,B19,C3,7.5,nL,100,1536LDV_MDX[1],384LDV_DMSO,384LDV[1],1536LDV_MDX[1],XYZ-364-001,20000,uM,DMSO,4,uL,37.5,uM
0,B19,C4,2.5,nL,100,1536LDV_MDX[1],384LDV_DMSO,384LDV[1],1536LDV_MDX[1],XYZ-364-001,20000,uM,DMSO,4,uL,12.5,uM
0,B19,C11,0,nL,100,1536LDV_MDX[1],384LDV_DMSO,384LDV[1],1536LDV_MDX[1],XYZ-364-001,20000,uM,DMSO,4,uL,0,uM
0,B19,C12,20,nL,100,1536LDV_MDX[1],384LDV_DMSO,384LDV[1],1536LDV_MDX[1],XYZ-364-001,20000,uM,DMSO,4,uL,100,uM
0,B19,C13,7.5,nL,100,1536LDV_MDX[1],384LDV_DMSO,384LDV[1],1536LDV_MDX[1],XYZ-364-001,20000,uM,DMSO,4,uL,37.5,uM
0,B19,C14,2.5,nL,100,1536LDV_MDX[1],384LDV_DMSO,384LDV[1],1536LDV_MDX[1],XYZ-364-001,20000,uM,DMSO,4,uL,12.5,uM
0,B19,C21,0,nL,100,1536LDV_MDX[1],384LDV_DMSO,384LDV[1],1536LDV_MDX[1],XYZ-364-001,20000,uM,DMSO,4,uL,0,uM
0,D24,C22,20,nL,100,1536LDV_MDX[1],384LDV_DMSO,384LDV[1],1536LDV_MDX[1],XYZ-753-001,20000,uM,DMSO,4,uL,100,uM
0,D24,C23,7.5,nL,100,1536LDV_MDX[1],384LDV_DMSO,384LDV[1],1536LDV_MDX[1],XYZ-753-001,20000,uM,DMSO,4,uL,37.5,uM
0,D24,C24,2.5,nL,100,1536LDV_MDX[1],384LDV_DMSO,384LDV[1],1536LDV_MDX[1],XYZ-753-001,20000,uM,DMSO,4,uL,12.5,uM
0,D24,C31,0,nL,100,1536LDV_MDX[1],384LDV_DMSO,384LDV[1],1536LDV_MDX[1],XYZ-753-001,20000,uM,DMSO,4,uL,0,uM
0,D24,C32,20,nL,100,1536LDV_MDX[1],384LDV_DMSO,384LDV[1],1536LDV_MDX[1],XYZ-753-001,20000,uM,DMSO,4,uL,100,uM
0,D24,C33,7.5,nL,100,1536LDV_MDX[1],384LDV_DMSO,384LDV[1],1536LDV_MDX[1],XYZ-753-001,20000,uM,DMSO,4,uL,37.5,uM
0,D24,C34,2.5,nL,100,1536LDV_MDX[1],384LDV_DMSO,384LDV[1],1536LDV_MDX[1],XYZ-753-001,20000,uM,DMSO,4,uL,12.5,uM
0,D24,C41,0,nL,100,1536LDV_MDX[1],384LDV_DMSO,384LDV[1],1536LDV_MDX[1],XYZ-753-001,20000,uM,DMSO,4,uL,0,uM
0,D24,D2,20,nL,100,1536LDV_MDX[1],384LDV_DMSO,384LDV[1],1536LDV_MDX[1],XYZ-753-001,20000,uM,DMSO,4,uL,100,uM
0,D24,D3,7.5,nL,100,1536LDV_MDX[1],384LDV_DMSO,384LDV[1],1536LDV_MDX[1],XYZ-753-001,20000,uM,DMSO,4,uL,37.5,uM
0,D24,D4,2.5,nL,100,1536LDV_MDX[1],384LDV_DMSO,384LDV[1],1536LDV_MDX[1],XYZ-753-001,20000,uM,DMSO,4,uL,12.5,uM
0,D24,D11,0,nL,100,1536LDV_MDX[1],384LDV_DMSO,384LDV[1],1536LDV_MDX[1],XYZ-753-001,20000,uM,DMSO,4,uL,0,uM
0,C03,D12,40,nL,100,1536LDV_MDX[1],384LDV_DMSO,384LDV[1],1536LDV_MDX[1],XYZ-303-001,10000,uM,DMSO,4,uL,100,uM
0,C03,D13,12.5,nL,100,1536LDV_MDX[1],384LDV_DMSO,384LDV[1],1536LDV_MDX[1],XYZ-303-001,10000,uM,DMSO,4,uL,31.25,uM
0,C03,D14,5,nL,100,1536LDV_MDX[1],384LDV_DMSO,384LDV[1],1536LDV_MDX[1],XYZ-303-001,10000,uM,DMSO,4,uL,12.5,uM
0,C03,D21,0,nL,100,1536LDV_MDX[1],384LDV_DMSO,384LDV[1],1536LDV_MDX[1],XYZ-303-001,10000,uM,DMSO,4,uL,0,uM
0,C03,D22,40,nL,100,1536LDV_MDX[1],384LDV_DMSO,384LDV[1],1536LDV_MDX[1],XYZ-303-001,10000,uM,DMSO,4,uL,100,uM
0,C03,D23,12.5,nL,100,1536LDV_MDX[1],384LDV_DMSO,384LDV[1],1536LDV_MDX[1],XYZ-303-001,10000,uM,DMSO,4,uL,31.25,uM
0,C03,D24,5,nL,100,1536LDV_MDX[1],384LDV_DMSO,384LDV[1],1536LDV_MDX[1],XYZ-303-001,10000,uM,DMSO,4,uL,12.5,uM
0,C03,D31,0,nL,100,1536LDV_MDX[1],384LDV_DMSO,384LDV[1],1536LDV_MDX[1],XYZ-303-001,10000,uM,DMSO,4,uL,0,uM
0,C03,D32,40,nL,100,1536LDV_MDX[1],384LDV_DMSO,384LDV[1],1536LDV_MDX[1],XYZ-303-001,10000,uM,DMSO,4,uL,100,uM
0,C03,D33,12.5,nL,100,1536LDV_MDX[1],384LDV_DMSO,384LDV[1],1536LDV_MDX[1],XYZ-303-001,10000,uM,DMSO,4,uL,31.25,uM
0,C03,D34,5,nL,100,1536LDV_MDX[1],384LDV_DMSO,384LDV[1],1536LDV_MDX[1],XYZ-303-001,10000,uM,DMSO,4,uL,12.5,uM
0,C03,D41,0,nL,100,1536LDV_MDX[1],384LDV_DMSO,384LDV[1],1536LDV_MDX[1],XYZ-303-001,10000,uM,DMSO,4,uL,0,uM
0,C08,E2,40,nL,100,1536LDV_MDX[1],384LDV_DMSO,384LDV[1],1536LDV_MDX[1],XYZ-308-001,10000,uM,DMSO,4,uL,100,uM
0,C08,E3,12.5,nL,100,1536LDV_MDX[1],384LDV_DMSO,384LDV[1],1536LDV_MDX[1],XYZ-308-001,10000,uM,DMSO,4,uL,31.25,uM
0,C08,E4,5,nL,100,1536LDV_MDX[1],384LDV_DMSO,384LDV[1],1536LDV_MDX[1],XYZ-308-001,10000,uM,DMSO,4,uL,12.5,uM
0,C08,E11,0,nL,100,1536LDV_MDX[1],384LDV_DMSO,384LDV[1],1536LDV_MDX[1],XYZ-308-001,10000,uM,DMSO,4,uL,0,uM
0,C08,E12,40,nL,100,1536LDV_MDX[1],384LDV_DMSO,384LDV[1],1536LDV_MDX[1],XYZ-308-001,10000,uM,DMSO,4,uL,100,uM
0,C08,E13,12.5,nL,100,1536LDV_MDX[1],384LDV_DMSO,384LDV[1],1536LDV_MDX[1],XYZ-308-001,10000,uM,DMSO,4,uL,31.25,uM
0,C08,E14,5,nL,100,1536LDV_MDX[1],384LDV_DMSO,384LDV[1],1536LDV_MDX[1],XYZ-308-001,10000,uM,DMSO,4,uL,12.5,uM
0,C08,E21,0,nL,100,1536LDV_MDX[1],384LDV_DMSO,384LDV[1],1536LDV_MDX[1],XYZ-308-001,10000,uM,DMSO,4,uL,0,uM
0,C08,E22,40,nL,100,1536LDV_MDX[1],384LDV_DMSO,384LDV[1],1536LDV_MDX[1],XYZ-308-001,10000,uM,DMSO,4,uL,100,uM
0,C08,E23,12.5,nL,100,1536LDV_MDX[1],384LDV_DMSO,384LDV[1],1536LDV_MDX[1],XYZ-308-001,10000,uM,DMSO,4,uL,31.25,uM
0,C08,E24,5,nL,100,1536LDV_MDX[1],384LDV_DMSO,384LDV[1],1536LDV_MDX[1],XYZ-308-001,10000,uM,DMSO,4,uL,12.5,uM
0,C08,E31,0,nL,100,1536LDV_MDX[1],384LDV_DMSO,384LDV[1],1536LDV_MDX[1],XYZ-308-001,10000,uM,DMSO,4,uL,0,uM
0,C16,E32,40,nL,100,1536LDV_MDX[1],384LDV_DMSO,384LDV[1],1536LDV_MDX[1],XYZ-819-001,10000,uM,DMSO,4,uL,100,uM
0,C16,E33,12.5,nL,100,1536LDV_MDX[1],384LDV_DMSO,384LDV[1],1536LDV_MDX[1],XYZ-819-001,10000,uM,DMSO,4,uL,31.25,uM
0,C16,E34,5,nL,100,1536LDV_MDX[1],384LDV_DMSO,384LDV[1],1536LDV_MDX[1],XYZ-819-001,10000,uM,DMSO,4,uL,12.5,uM
0,C16,E41,0,nL,100,1536LDV_MDX[1],384LDV_DMSO,384LDV[1],1536LDV_MDX[1],XYZ-819-001,10000,uM,DMSO,4,uL,0,uM
0,C16,F2,40,nL,100,1536LDV_MDX[1],384LDV_DMSO,384LDV[1],1536LDV_MDX[1],XYZ-819-001,10000,uM,DMSO,4,uL,100,uM
0,C16,F3,12.5,nL,100,1536LDV_MDX[1],384LDV_DMSO,384LDV[1],1536LDV_MDX[1],XYZ-819-001,10000,uM,DMSO,4,uL,31.25,uM
0,C16,F4,5,nL,100,1536LDV_MDX[1],384LDV_DMSO,384LDV[1],1536LDV_MDX[1],XYZ-819-001,10000,uM,DMSO,4,uL,12.5,uM
0,C16,F11,0,nL,100,1536LDV_MDX[1],384LDV_DMSO,384LDV[1],1536LDV_MDX[1],XYZ-819-001,10000,uM,DMSO,4,uL,0,uM
0,C16,F12,40,nL,100,1536LDV_MDX[1],384LDV_DMSO,384LDV[1],1536LDV_MDX[1],XYZ-819-001,10000,uM,DMSO,4,uL,100,uM
0,C16,F13,12.5,nL,100,1536LDV_MDX[1],384LDV_DMSO,384LDV[1],1536LDV_MDX[1],XYZ-819-001,10000,uM,DMSO,4,uL,31.25,uM
0,C16,F14,5,nL,100,1536LDV_MDX[1],384LDV_DMSO,384LDV[1],1536LDV_MDX[1],XYZ-819-001,10000,uM,DMSO,4,uL,12.5,uM
0,C16,F21,0,nL,100,1536LDV_MDX[1],384LDV_DMSO,384LDV[1],1536LDV_MDX[1],XYZ-819-001,10000,uM,DMSO,4,uL,0,uM
0,D01,F22,40,nL,100,1536LDV_MDX[1],384LDV_DMSO,384LDV[1],1536LDV_MDX[1],XYZ-823-001,10000,uM,DMSO,4,uL,100,uM
0,D01,F23,12.5,nL,100,1536LDV_MDX[1],384LDV_DMSO,384LDV[1],1536LDV_MDX[1],XYZ-823-001,10000,uM,DMSO,4,uL,31.25,uM
0,D01,F24,5,nL,100,1536LDV_MDX[1],384LDV_DMSO,384LDV[1],1536LDV_MDX[1],XYZ-823-001,10000,uM,DMSO,4,uL,12.5,uM
0,D01,F31,0,nL,100,1536LDV_MDX[1],384LDV_DMSO,384LDV[1],1536LDV_MDX[1],XYZ-823-001,10000,uM,DMSO,4,uL,0,uM
0,D01,F32,40,nL,100,1536LDV_MDX[1],384LDV_DMSO,384LDV[1],1536LDV_MDX[1],XYZ-823-001,10000,uM,DMSO,4,uL,100,uM
0,D01,F33,12.5,nL,100,1536LDV_MDX[1],384LDV_DMSO,384LDV[1],1536LDV_MDX[1],XYZ-823-001,10000,uM,DMSO,4,uL,31.25,uM
0,D01,F34,5,nL,100,1536LDV_MDX[1],384LDV_DMSO,384LDV[1],1536LDV_MDX[1],XYZ-823-001,10000,uM,DMSO,4,uL,12.5,uM
0,D01,F41,0,nL,100,1536LDV_MDX[1],384LDV_DMSO,384LDV[1],1536LDV_MDX[1],XYZ-823-001,10000,uM,DMSO,4,uL,0,uM
0,D01,G2,40,nL,100,1536LDV_MDX[1],384LDV_DMSO,384LDV[1],1536LDV_MDX[1],XYZ-823-001,10000,uM,DMSO,4,uL,100,uM
0,D01,G3,12.5,nL,100,1536LDV_MDX[1],384LDV_DMSO,384LDV[1],1536LDV_MDX[1],XYZ-823-001,10000,uM,DMSO,4,uL,31.25,uM
0,D01,G4,5,nL,100,1536LDV_MDX[1],384LDV_DMSO,384LDV[1],1536LDV_MDX[1],XYZ-823-001,10000,uM,DMSO,4,uL,12.5,uM
0,D01,G11,0,nL,100,1536LDV_MDX[1],384LDV_DMSO,384LDV[1],1536LDV_MDX[1],XYZ-823-001,10000,uM,DMSO,4,uL,0,uM
0,D07,G12,40,nL,100,1536LDV_MDX[1],384LDV_DMSO,384LDV[1],1536LDV_MDX[1],XYZ-828-001,10000,uM,DMSO,4,uL,100,uM
0,D07,G13,12.5,nL,100,1536LDV_MDX[1],384LDV_DMSO,384LDV[1],1536LDV_MDX[1],XYZ-828-001,10000,uM,DMSO,4,uL,31.25,uM
0,D07,G14,5,nL,100,1536LDV_MDX[1],384LDV_DMSO,384LDV[1],1536LDV_MDX[1],XYZ-828-001,10000,uM,DMSO,4,uL,12.5,uM
0,D07,G21,0,nL,100,1536LDV_MDX[1],384LDV_DMSO,384LDV[1],1536LDV_MDX[1],XYZ-828-001,10000,uM,DMSO,4,uL,0,uM
0,D07,G22,40,nL,100,1536LDV_MDX[1],384LDV_DMSO,384LDV[1],1536LDV_MDX[1],XYZ-828-001,10000,uM,DMSO,4,uL,100,uM
0,D07,G23,12.5,nL,100,1536LDV_MDX[1],384LDV_DMSO,384LDV[1],1536LDV_MDX[1],XYZ-828-001,10000,uM,DMSO,4,uL,31.25,uM
0,D07,G24,5,nL,100,1536LDV_MDX[1],384LDV_DMSO,384LDV[1],1536LDV_MDX[1],XYZ-828-001,10000,uM,DMSO,4,uL,12.5,uM
0,D07,G31,0,nL,100,1536LDV_MDX[1],384LDV_DMSO,384LDV[1],1536LDV_MDX[1],XYZ-828-001,10000,uM,DMSO,4,uL,0,uM
0,D07,G32,40,nL,100,1536LDV_MDX[1],384LDV_DMSO,384LDV[1],1536LDV_MDX[1],XYZ-828-001,10000,uM,DMSO,4,uL,100,uM
0,D07,G33,12.5,nL,100,1536LDV_MDX[1],384LDV_DMSO,384LDV[1],1536LDV_MDX[1],XYZ-828-001,10000,uM,DMSO,4,uL,31.25,uM
0,D07,G34,5,nL,100,1536LDV_MDX[1],384LDV_DMSO,384LDV[1],1536LDV_MDX[1],XYZ-828-001,10000,uM,DMSO,4,uL,12.5,uM
0,D07,G41,0,nL,100,1536LDV_MDX[1],384LDV_DMSO,384LDV[1],1536LDV_MDX[1],XYZ-828-001,10000,uM,DMSO,4,uL,0,uM
15,G09,N2,20,nL,100,1536LDV_MDX[1],384LDV_AQ_B2,384LDV[3],1536LDV_MDX[1],XYZ-12-001,20000,uM,H2O,4,uL,100,uM
15,G09,N3,7.5,nL,100,1536LDV_MDX[1],384LDV_AQ_B2,384LDV[3],1536LDV_MDX[1],XYZ-12-001,20000,uM,H2O,4,uL,37.5,uM
15,G09,N4,2.5,nL,100,1536LDV_MDX[1],384LDV_AQ_B2,384LDV[3],1536LDV_MDX[1],XYZ-12-001,20000,uM,H2O,4,uL,12.5,uM
15,G09,N11,0,nL,100,1536LDV_MDX[1],384LDV_AQ_B2,384LDV[3],1536LDV_MDX[1],XYZ-12-001,20000,uM,H2O,4,uL,0,uM
15,G09,N12,20,nL,100,1536LDV_MDX[1],384LDV_AQ_B2,384LDV[3],1536LDV_MDX[1],XYZ-12-001,20000,uM,H2O,4,uL,100,uM
15,G09,N13,7.5,nL,100,1536LDV_MDX[1],384LDV_AQ_B2,384LDV[3],1536LDV_MDX[1],XYZ-12-001,20000,uM,H2O,4,uL,37.5,uM
15,G09,N14,2.5,nL,100,1536LDV_MDX[1],384LDV_AQ_B2,384LDV[3],1536LDV_MDX[1],XYZ-12-001,20000,uM,H2O,4,uL,12.5,uM
15,G09,N21,0,nL,100,1536LDV_MDX[1],384LDV_AQ_B2,384LDV[3],1536LDV_MDX[1],XYZ-12-001,20000,uM,H2O,4,uL,0,uM
15,G09,N22,20,nL,100,1536LDV_MDX[1],384LDV_AQ_B2,384LDV[3],1536LDV_MDX[1],XYZ-12-001,20000,uM,H2O,4,uL,100,uM
15,G09,N23,7.5,nL,100,1536LDV_MDX[1],384LDV_AQ_B2,384LDV[3],1536LDV_MDX[1],XYZ-12-001,20000,uM,H2O,4,uL,37.5,uM
15,G09,N24,2.5,nL,100,1536LDV_MDX[1],384LDV_AQ_B2,384LDV[3],1536LDV_MDX[1],XYZ-12-001,20000,uM,H2O,4,uL,12.5,uM
15,G09,N31,0,nL,100,1536LDV_MDX[1],384LDV_AQ_B2,384LDV[3],1536LDV_MDX[1],XYZ-12-001,20000,uM,H2O,4,uL,0,uM
15,N23,N32,20,nL,100,1536LDV_MDX[1],384LDV_AQ_B2,384LDV[3],1536LDV_MDX[1],XYZ-13-001,20000,uM,H2O,4,uL,100,uM
15,N23,N33,7.5,nL,100,1536LDV_MDX[1],384LDV_AQ_B2,384LDV[3],1536LDV_MDX[1],XYZ-13-001,20000,uM,H2O,4,uL,37.5,uM
15,N23,N34,2.5,nL,100,1536LDV_MDX[1],384LDV_AQ_B2,384LDV[3],1536LDV_MDX[1],XYZ-13-001,20000,uM,H2O,4,uL,12.5,uM
15,N23,N41,0,nL,100,1536LDV_MDX[1],384LDV_AQ_B2,384LDV[3],1536LDV_MDX[1],XYZ-13-001,20000,uM,H2O,4,uL,0,uM
15,N23,O2,20,nL,100,1536LDV_MDX[1],384LDV_AQ_B2,384LDV[3],1536LDV_MDX[1],XYZ-13-001,20000,uM,H2O,4,uL,100,uM
15,N23,O3,7.5,nL,100,1536LDV_MDX[1],384LDV_AQ_B2,384LDV[3],1536LDV_MDX[1],XYZ-13-001,20000,uM,H2O,4,uL,37.5,uM
15,N23,O4,2.5,nL,100,1536LDV_MDX[1],384LDV_AQ_B2,384LDV[3],1536LDV_MDX[1],XYZ-13-001,20000,uM,H2O,4,uL,12.5,uM
15,N23,O11,0,nL,100,1536LDV_MDX[1],384LDV_AQ_B2,384LDV[3],1536LDV_MDX[1],XYZ-13-001,20000,uM,H2O,4,uL,0,uM
15,N23,O12,20,nL,100,1536LDV_MDX[1],384LDV_AQ_B2,384LDV[3],1536LDV_MDX[1],XYZ-13-001,20000,uM,H2O,4,uL,100,uM
15,N23,O13,7.5,nL,100,1536LDV_MDX[1],384LDV_AQ_B2,384LDV[3],1536LDV_MDX[1],XYZ-13-001,20000,uM,H2O,4,uL,37.5,uM
15,N23,O14,2.5,nL,100,1536LDV_MDX[1],384LDV_AQ_B2,384LDV[3],1536LDV_MDX[1],XYZ-13-001,20000,uM,H2O,4,uL,12.5,uM
15,N23,O21,0,nL,100,1536LDV_MDX[1],384LDV_AQ_B2,384LDV[3],1536LDV_MDX[1],XYZ-13-001,20000,uM,H2O,4,uL,0,uM
15,B23,O22,20,nL,100,1536LDV_MDX[1],384LDV_DMSO,384LDV[3],1536LDV_MDX[1],XYZ-146-001,20000,uM,DMSO,4,uL,100,uM
15,B23,O23,7.5,nL,100,1536LDV_MDX[1],384LDV_DMSO,384LDV[3],1536LDV_MDX[1],XYZ-146-001,20000,uM,DMSO,4,uL,37.5,uM
15,B23,O24,2.5,nL,100,1536LDV_MDX[1],384LDV_DMSO,384LDV[3],1536LDV_MDX[1],XYZ-146-001,20000,uM,DMSO,4,uL,12.5,uM
15,B23,O31,0,nL,100,1536LDV_MDX[1],384LDV_DMSO,384LDV[3],1536LDV_MDX[1],XYZ-146-001,20000,uM,DMSO,4,uL,0,uM
15,B23,O32,20,nL,100,1536LDV_MDX[1],384LDV_DMSO,384LDV[3],1536LDV_MDX[1],XYZ-146-001,20000,uM,DMSO,4,uL,100,uM
15,B23,O33,7.5,nL,100,1536LDV_MDX[1],384LDV_DMSO,384LDV[3],1536LDV_MDX[1],XYZ-146-001,20000,uM,DMSO,4,uL,37.5,uM
15,B23,O34,2.5,nL,100,1536LDV_MDX[1],384LDV_DMSO,384LDV[3],1536LDV_MDX[1],XYZ-146-001,20000,uM,DMSO,4,uL,12.5,uM
15,B23,O41,0,nL,100,1536LDV_MDX[1],384LDV_DMSO,384LDV[3],1536LDV_MDX[1],XYZ-146-001,20000,uM,DMSO,4,uL,0,uM
15,B23,P2,20,nL,100,1536LDV_MDX[1],384LDV_DMSO,384LDV[3],1536LDV_MDX[1],XYZ-146-001,20000,uM,DMSO,4,uL,100,uM
15,B23,P3,7.5,nL,100,1536LDV_MDX[1],384LDV_DMSO,384LDV[3],1536LDV_MDX[1],XYZ-146-001,20000,uM,DMSO,4,uL,37.5,uM
15,B23,P4,2.5,nL,100,1536LDV_MDX[1],384LDV_DMSO,384LDV[3],1536LDV_MDX[1],XYZ-146-001,20000,uM,DMSO,4,uL,12.5,uM
15,B23,P11,0,nL,100,1536LDV_MDX[1],384LDV_DMSO,384LDV[3],1536LDV_MDX[1],XYZ-146-001,20000,uM,DMSO,4,uL,0,uM
15,N22,P12,20,nL,100,1536LDV_MDX[1],384LDV_AQ_B2,384LDV[3],1536LDV_MDX[1],XYZ-16-001,20000,uM,H2O,4,uL,100,uM
15,N22,P13,7.5,nL,100,1536LDV_MDX[1],384LDV_AQ_B2,384LDV[3],1536LDV_MDX[1],XYZ-16-001,20000,uM,H2O,4,uL,37.5,uM
15,N22,P14,2.5,nL,100,1536LDV_MDX[1],384LDV_AQ_B2,384LDV[3],1536LDV_MDX[1],XYZ-16-001,20000,uM,H2O,4,uL,12.5,uM
15,N22,P21,0,nL,100,1536LDV_MDX[1],384LDV_AQ_B2,384LDV[3],1536LDV_MDX[1],XYZ-16-001,20000,uM,H2O,4,uL,0,uM
15,N22,P22,20,nL,100,1536LDV_MDX[1],384LDV_AQ_B2,384LDV[3],1536LDV_MDX[1],XYZ-16-001,20000,uM,H2O,4,uL,100,uM
15,N22,P23,7.5,nL,100,1536LDV_MDX[1],384LDV_AQ_B2,384LDV[3],1536LDV_MDX[1],XYZ-16-001,20000,uM,H2O,4,uL,37.5,uM
15,N22,P24,2.5,nL,100,1536LDV_MDX[1],384LDV_AQ_B2,384LDV[3],1536LDV_MDX[1],XYZ-16-001,20000,uM,H2O,4,uL,12.5,uM
15,N22,P31,0,nL,100,1536LDV_MDX[1],384LDV_AQ_B2,384LDV[3],1536LDV_MDX[1],XYZ-16-001,20000,uM,H2O,4,uL,0,uM
15,N22,P32,20,nL,100,1536LDV_MDX[1],384LDV_AQ_B2,384LDV[3],1536LDV_MDX[1],XYZ-16-001,20000,uM,H2O,4,uL,100,uM
15,N22,P33,7.5,nL,100,1536LDV_MDX[1],384LDV_AQ_B2,384LDV[3],1536LDV_MDX[1],XYZ-16-001,20000,uM,H2O,4,uL,37.5,uM
15,N22,P34,2.5,nL,100,1536LDV_MDX[1],384LDV_AQ_B2,384LDV[3],1536LDV_MDX[1],XYZ-16-001,20000,uM,H2O,4,uL,12.5,uM
15,N22,P41,0,nL,100,1536LDV_MDX[1],384LDV_AQ_B2,384LDV[3],1536LDV_MDX[1],XYZ-16-001,20000,uM,H2O,4,uL,0,uM
15,N09,Q2,20,nL,100,1536LDV_MDX[1],384LDV_DMSO,384LDV[3],1536LDV_MDX[1],XYZ-168-001,20000,uM,DMSO,4,uL,100,uM
15,N09,Q3,7.5,nL,100,1536LDV_MDX[1],384LDV_DMSO,384LDV[3],1536LDV_MDX[1],XYZ-168-001,20000,uM,DMSO,4,uL,37.5,uM
15,N09,Q4,2.5,nL,100,1536LDV_MDX[1],384LDV_DMSO,384LDV[3],1536LDV_MDX[1],XYZ-168-001,20000,uM,DMSO,4,uL,12.5,uM
15,N09,Q11,0,nL,100,1536LDV_MDX[1],384LDV_DMSO,384LDV[3],1536LDV_MDX[1],XYZ-168-001,20000,uM,DMSO,4,uL,0,uM
15,N09,Q12,20,nL,100,1536LDV_MDX[1],384LDV_DMSO,384LDV[3],1536LDV_MDX[1],XYZ-168-001,20000,uM,DMSO,4,uL,100,uM
15,N09,Q13,7.5,nL,100,1536LDV_MDX[1],384LDV_DMSO,384LDV[3],1536LDV_MDX[1],XYZ-168-001,20000,uM,DMSO,4,uL,37.5,uM
15,N09,Q14,2.5,nL,100,1536LDV_MDX[1],384LDV_DMSO,384LDV[3],1536LDV_MDX[1],XYZ-168-001,20000,uM,DMSO,4,uL,12.5,uM
15,N09,Q21,0,nL,100,1536LDV_MDX[1],384LDV_DMSO,384LDV[3],1536LDV_MDX[1],XYZ-168-001,20000,uM,DMSO,4,uL,0,uM
15,N09,Q22,20,nL,100,1536LDV_MDX[1],384LDV_DMSO,384LDV[3],1536LDV_MDX[1],XYZ-168-001,20000,uM,DMSO,4,uL,100,uM
15,N09,Q23,7.5,nL,100,1536LDV_MDX[1],384LDV_DMSO,384LDV[3],1536LDV_MDX[1],XYZ-168-001,20000,uM,DMSO,4,uL,37.5,uM
15,N09,Q24,2.5,nL,100,1536LDV_MDX[1],384LDV_DMSO,384LDV[3],1536LDV_MDX[1],XYZ-168-001,20000,uM,DMSO,4,uL,12.5,uM
15,N09,Q31,0,nL,100,1536LDV_MDX[1],384LDV_DMSO,384LDV[3],1536LDV_MDX[1],XYZ-168-001,20000,uM,DMSO,4,uL,0,uM
15,I12,Q32,20,nL,100,1536LDV_MDX[1],384LDV_AQ_B2,384LDV[3],1536LDV_MDX[1],XYZ-17-001,20000,uM,H2O,4,uL,100,uM
15,I12,Q33,7.5,nL,100,1536LDV_MDX[1],384LDV_AQ_B2,384LDV[3],1536LDV_MDX[1],XYZ-17-001,20000,uM,H2O,4,uL,37.5,uM
15,I12,Q34,2.5,nL,100,1536LDV_MDX[1],384LDV_AQ_B2,384LDV[3],1536LDV_MDX[1],XYZ-17-001,20000,uM,H2O,4,uL,12.5,uM
15,I12,Q41,0,nL,100,1536LDV_MDX[1],384LDV_AQ_B2,384LDV[3],1536LDV_MDX[1],XYZ-17-001,20000,uM,H2O,4,uL,0,uM
15,I12,R2,20,nL,100,1536LDV_MDX[1],384LDV_AQ_B2,384LDV[3],1536LDV_MDX[1],XYZ-17-001,20000,uM,H2O,4,uL,100,uM
15,I12,R3,7.5,nL,100,1536LDV_MDX[1],384LDV_AQ_B2,384LDV[3],1536LDV_MDX[1],XYZ-17-001,20000,uM,H2O,4,uL,37.5,uM
15,I12,R4,2.5,nL,100,1536LDV_MDX[1],384LDV_AQ_B2,384LDV[3],1536LDV_MDX[1],XYZ-17-001,20000,uM,H2O,4,uL,12.5,uM
15,I12,R11,0,nL,100,1536LDV_MDX[1],384LDV_AQ_B2,384LDV[3],1536LDV_MDX[1],XYZ-17-001,20000,uM,H2O,4,uL,0,uM
15,I12,R12,20,nL,100,1536LDV_MDX[1],384LDV_AQ_B2,384LDV[3],1536LDV_MDX[1],XYZ-17-001,20000,uM,H2O,4,uL,100,uM
15,I12,R13,7.5,nL,100,1536LDV_MDX[1],384LDV_AQ_B2,384LDV[3],1536LDV_MDX[1],XYZ-17-001,20000,uM,H2O,4,uL,37.5,uM
15,I12,R14,2.5,nL,100,1536LDV_MDX[1],384LDV_AQ_B2,384LDV[3],1536LDV_MDX[1],XYZ-17-001,20000,uM,H2O,4,uL,12.5,uM
15,I12,R21,0,nL,100,1536LDV_MDX[1],384LDV_AQ_B2,384LDV[3],1536LDV_MDX[1],XYZ-17-001,20000,uM,H2O,4,uL,0,uM
15,E18,R22,20,nL,100,1536LDV_MDX[1],384LDV_DMSO,384LDV[3],1536LDV_MDX[1],XYZ-170-001,20000,uM,DMSO,4,uL,100,uM
15,E18,R23,7.5,nL,100,1536LDV_MDX[1],384LDV_DMSO,384LDV[3],1536LDV_MDX[1],XYZ-170-001,20000,uM,DMSO,4,uL,37.5,uM
15,E18,R24,2.5,nL,100,1536LDV_MDX[1],384LDV_DMSO,384LDV[3],1536LDV_MDX[1],XYZ-170-001,20000,uM,DMSO,4,uL,12.5,uM
15,E18,R31,0,nL,100,1536LDV_MDX[1],384LDV_DMSO,384LDV[3],1536LDV_MDX[1],XYZ-170-001,20000,uM,DMSO,4,uL,0,uM
15,E18,R32,20,nL,100,1536LDV_MDX[1],384LDV_DMSO,384LDV[3],1536LDV_MDX[1],XYZ-170-001,20000,uM,DMSO,4,uL,100,uM
15,E18,R33,7.5,nL,100,1536LDV_MDX[1],384LDV_DMSO,384LDV[3],1536LDV_MDX[1],XYZ-170-001,20000,uM,DMSO,4,uL,37.5,uM
15,E18,R34,2.5,nL,100,1536LDV_MDX[1],384LDV_DMSO,384LDV[3],1536LDV_MDX[1],XYZ-170-001,20000,uM,DMSO,4,uL,12.5,uM
15,E18,R41,0,nL,100,1536LDV_MDX[1],384LDV_DMSO,384LDV[3],1536LDV_MDX[1],XYZ-170-001,20000,uM,DMSO,4,uL,0,uM
15,E18,S2,20,nL,100,1536LDV_MDX[1],384LDV_DMSO,384LDV[3],1536LDV_MDX[1],XYZ-170-001,20000,uM,DMSO,4,uL,100,uM
15,E18,S3,7.5,nL,100,1536LDV_MDX[1],384LDV_DMSO,384LDV[3],1536LDV_MDX[1],XYZ-170-001,20000,uM,DMSO,4,uL,37.5,uM
15,E18,S4,2.5,nL,100,1536LDV_MDX[1],384LDV_DMSO,384LDV[3],1536LDV_MDX[1],XYZ-170-001,20000,uM,DMSO,4,uL,12.5,uM
15,E18,S11,0,nL,100,1536LDV_MDX[1],384LDV_DMSO,384LDV[3],1536LDV_MDX[1],XYZ-170-001,20000,uM,DMSO,4,uL,0,uM
15,O20,S12,20,nL,100,1536LDV_MDX[1],384LDV_DMSO,384LDV[3],1536LDV_MDX[1],XYZ-18-001,20000,uM,DMSO,4,uL,100,uM
15,O20,S13,7.5,nL,100,1536LDV_MDX[1],384LDV_DMSO,384LDV[3],1536LDV_MDX[1],XYZ-18-001,20000,uM,DMSO,4,uL,37.5,uM
15,O20,S14,2.5,nL,100,1536LDV_MDX[1],384LDV_DMSO,384LDV[3],1536LDV_MDX[1],XYZ-18-001,20000,uM,DMSO,4,uL,12.5,uM
15,O20,S21,0,nL,100,1536LDV_MDX[1],384LDV_DMSO,384LDV[3],1536LDV_MDX[1],XYZ-18-001,20000,uM,DMSO,4,uL,0,uM
15,O20,S22,20,nL,100,1536LDV_MDX[1],384LDV_DMSO,384LDV[3],1536LDV_MDX[1],XYZ-18-001,20000,uM,DMSO,4,uL,100,uM
15,O20,S23,7.5,nL,100,1536LDV_MDX[1],384LDV_DMSO,384LDV[3],1536LDV_MDX[1],XYZ-18-001,20000,uM,DMSO,4,uL,37.5,uM
15,O20,S24,2.5,nL,100,1536LDV_MDX[1],384LDV_DMSO,384LDV[3],1536LDV_MDX[1],XYZ-18-001,20000,uM,DMSO,4,uL,12.5,uM
15,O20,S31,0,nL,100,1536LDV_MDX[1],384LDV_DMSO,384LDV[3],1536LDV_MDX[1],XYZ-18-001,20000,uM,DMSO,4,uL,0,uM
15,O20,S32,20,nL,100,1536LDV_MDX[1],384LDV_DMSO,384LDV[3],1536LDV_MDX[1],XYZ-18-001,20000,uM,DMSO,4,uL,100,uM
15,O20,S33,7.5,nL,100,1536LDV_MDX[1],384LDV_DMSO,384LDV[3],1536LDV_MDX[1],XYZ-18-001,20000,uM,DMSO,4,uL,37.5,uM
15,O20,S34,2.5,nL,100,1536LDV_MDX[1],384LDV_DMSO,384LDV[3],1536LDV_MDX[1],XYZ-18-001,20000,uM,DMSO,4,uL,12.5,uM
15,O20,S41,0,nL,100,1536LDV_MDX[1],384LDV_DMSO,384LDV[3],1536LDV_MDX[1],XYZ-18-001,20000,uM,DMSO,4,uL,0,uM
15,J05,T2,20,nL,100,1536LDV_MDX[1],384LDV_DMSO,384LDV[3],1536LDV_MDX[1],XYZ-19-001,20000,uM,DMSO,4,uL,100,uM
15,J05,T3,7.5,nL,100,1536LDV_MDX[1],384LDV_DMSO,384LDV[3],1536LDV_MDX[1],XYZ-19-001,20000,uM,DMSO,4,uL,37.5,uM
15,J05,T4,2.5,nL,100,1536LDV_MDX[1],384LDV_DMSO,384LDV[3],1536LDV_MDX[1],XYZ-19-001,20000,uM,DMSO,4,uL,12.5,uM
15,J05,T11,0,nL,100,1536LDV_MDX[1],384LDV_DMSO,384LDV[3],1536LDV_MDX[1],XYZ-19-001,20000,uM,DMSO,4,uL,0,uM
15,J05,T12,20,nL,100,1536LDV_MDX[1],384LDV_DMSO,384LDV[3],1536LDV_MDX[1],XYZ-19-001,20000,uM,DMSO,4,uL,100,uM
15,J05,T13,7.5,nL,100,1536LDV_MDX[1],384LDV_DMSO,384LDV[3],1536LDV_MDX[1],XYZ-19-001,20000,uM,DMSO,4,uL,37.5,uM
15,J05,T14,2.5,nL,100,1536LDV_MDX[1],384LDV_DMSO,384LDV[3],1536LDV_MDX[1],XYZ-19-001,20000,uM,DMSO,4,uL,12.5,uM
15,J05,T21,0,nL,100,1536LDV_MDX[1],384LDV_DMSO,384LDV[3],1536LDV_MDX[1],XYZ-19-001,20000,uM,DMSO,4,uL,0,uM
15,J05,T22,20,nL,100,1536LDV_MDX[1],384LDV_DMSO,384LDV[3],1536LDV_MDX[1],XYZ-19-001,20000,uM,DMSO,4,uL,100,uM
15,J05,T23,7.5,nL,100,1536LDV_MDX[1],384LDV_DMSO,384LDV[3],1536LDV_MDX[1],XYZ-19-001,20000,uM,DMSO,4,uL,37.5,uM
15,J05,T24,2.5,nL,100,1536LDV_MDX[1],384LDV_DMSO,384LDV[3],1536LDV_MDX[1],XYZ-19-001,20000,uM,DMSO,4,uL,12.5,uM
15,J05,T31,0,nL,100,1536LDV_MDX[1],384LDV_DMSO,384LDV[3],1536LDV_MDX[1],XYZ-19-001,20000,uM,DMSO,4,uL,0,uM
15,O08,T32,20,nL,100,1536LDV_MDX[1],384LDV_DMSO,384LDV[3],1536LDV_MDX[1],XYZ-20-001,20000,uM,DMSO,4,uL,100,uM
15,O08,T33,7.5,nL,100,1536LDV_MDX[1],384LDV_DMSO,384LDV[3],1536LDV_MDX[1],XYZ-20-001,20000,uM,DMSO,4,uL,37.5,uM
15,O08,T34,2.5,nL,100,1536LDV_MDX[1],384LDV_DMSO,384LDV[3],1536LDV_MDX[1],XYZ-20-001,20000,uM,DMSO,4,uL,12.5,uM
15,O08,T41,0,nL,100,1536LDV_MDX[1],384LDV_DMSO,384LDV[3],1536LDV_MDX[1],XYZ-20-001,20000,uM,DMSO,4,uL,0,uM
15,O08,U2,20,nL,100,1536LDV_MDX[1],384LDV_DMSO,384LDV[3],1536LDV_MDX[1],XYZ-20-001,20000,uM,DMSO,4,uL,100,uM
15,O08,U3,7.5,nL,100,1536LDV_MDX[1],384LDV_DMSO,384LDV[3],1536LDV_MDX[1],XYZ-20-001,20000,uM,DMSO,4,uL,37.5,uM
15,O08,U4,2.5,nL,100,1536LDV_MDX[1],384LDV_DMSO,384LDV[3],1536LDV_MDX[1],XYZ-20-001,20000,uM,DMSO,4,uL,12.5,uM
15,O08,U11,0,nL,100,1536LDV_MDX[1],384LDV_DMSO,384LDV[3],1536LDV_MDX[1],XYZ-20-001,20000,uM,DMSO,4,uL,0,uM
15,O08,U12,20,nL,100,1536LDV_MDX[1],384LDV_DMSO,384LDV[3],1536LDV_MDX[1],XYZ-20-001,20000,uM,DMSO,4,uL,100,uM
15,O08,U13,7.5,nL,100,1536LDV_MDX[1],384LDV_DMSO,384LDV[3],1536LDV_MDX[1],XYZ-20-001,20000,uM,DMSO,4,uL,37.5,uM
15,O08,U14,2.5,nL,100,1536LDV_MDX[1],384LDV_DMSO,384LDV[3],1536LDV_MDX[1],XYZ-20-001,20000,uM,DMSO,4,uL,12.5,uM
15,O08,U21,0,nL,100,1536LDV_MDX[1],384LDV_DMSO,384LDV[3],1536LDV_MDX[1],XYZ-20-001,20000,uM,DMSO,4,uL,0,uM
15,B06,U22,20,nL,100,1536LDV_MDX[1],384LDV_DMSO,384LDV[3],1536LDV_MDX[1],XYZ-211-001,20000,uM,DMSO,4,uL,100,uM
15,B06,U23,7.5,nL,100,1536LDV_MDX[1],384LDV_DMSO,384LDV[3],1536LDV_MDX[1],XYZ-211-001,20000,uM,DMSO,4,uL,37.5,uM
15,B06,U24,2.5,nL,100,1536LDV_MDX[1],384LDV_DMSO,384LDV[3],1536LDV_MDX[1],XYZ-211-001,20000,uM,DMSO,4,uL,12.5,uM
15,B06,U31,0,nL,100,1536LDV_MDX[1],384LDV_DMSO,384LDV[3],1536LDV_MDX[1],XYZ-211-001,20000,uM,DMSO,4,uL,0,uM
15,B06,U32,20,nL,100,1536LDV_MDX[1],384LDV_DMSO,384LDV[3],1536LDV_MDX[1],XYZ-211-001,20000,uM,DMSO,4,uL,100,uM
15,B06,U33,7.5,nL,100,1536LDV_MDX[1],384LDV_DMSO,384LDV[3],1536LDV_MDX[1],XYZ-211-001,20000,uM,DMSO,4,uL,37.5,uM
15,B06,U34,2.5,nL,100,1536LDV_MDX[1],384LDV_DMSO,384LDV[3],1536LDV_MDX[1],XYZ-211-001,20000,uM,DMSO,4,uL,12.5,uM
15,B06,U41,0,nL,100,1536LDV_MDX[1],384LDV_DMSO,384LDV[3],1536LDV_MDX[1],XYZ-211-001,20000,uM,DMSO,4,uL,0,uM
15,B06,V2,20,nL,100,1536LDV_MDX[1],384LDV_DMSO,384LDV[3],1536LDV_MDX[1],XYZ-211-001,20000,uM,DMSO,4,uL,100,uM
15,B06,V3,7.5,nL,100,1536LDV_MDX[1],384LDV_DMSO,384LDV[3],1536LDV_MDX[1],XYZ-211-001,20000,uM,DMSO,4,uL,37.5,uM
15,B06,V4,2.5,nL,100,1536LDV_MDX[1],384LDV_DMSO,384LDV[3],1536LDV_MDX[1],XYZ-211-001,20000,uM,DMSO,4,uL,12.5,uM
15,B06,V11,0,nL,100,1536LDV_MDX[1],384LDV_DMSO,384LDV[3],1536LDV_MDX[1],XYZ-211-001,20000,uM,DMSO,4,uL,0,uM
15,B21,V12,20,nL,100,1536LDV_MDX[1],384LDV_DMSO,384LDV[3],1536LDV_MDX[1],XYZ-267-001,20000,uM,DMSO,4,uL,100,uM
15,B21,V13,7.5,nL,100,1536LDV_MDX[1],384LDV_DMSO,384LDV[3],1536LDV_MDX[1],XYZ-267-001,20000,uM,DMSO,4,uL,37.5,uM
15,B21,V14,2.5,nL,100,1536LDV_MDX[1],384LDV_DMSO,384LDV[3],1536LDV_MDX[1],XYZ-267-001,20000,uM,DMSO,4,uL,12.5,uM
15,B21,V21,0,nL,100,1536LDV_MDX[1],384LDV_DMSO,384LDV[3],1536LDV_MDX[1],XYZ-267-001,20000,uM,DMSO,4,uL,0,uM
15,B21,V22,20,nL,100,1536LDV_MDX[1],384LDV_DMSO,384LDV[3],1536LDV_MDX[1],XYZ-267-001,20000,uM,DMSO,4,uL,100,uM
15,B21,V23,7.5,nL,100,1536LDV_MDX[1],384LDV_DMSO,384LDV[3],1536LDV_MDX[1],XYZ-267-001,20000,uM,DMSO,4,uL,37.5,uM
15,B21,V24,2.5,nL,100,1536LDV_MDX[1],384LDV_DMSO,384LDV[3],1536LDV_MDX[1],XYZ-267-001,20000,uM,DMSO,4,uL,12.5,uM
15,B21,V31,0,nL,100,1536LDV_MDX[1],384LDV_DMSO,384LDV[3],1536LDV_MDX[1],XYZ-267-001,20000,uM,DMSO,4,uL,0,uM
15,B21,V32,20,nL,100,1536LDV_MDX[1],384LDV_DMSO,384LDV[3],1536LDV_MDX[1],XYZ-267-001,20000,uM,DMSO,4,uL,100,uM
15,B21,V33,7.5,nL,100,1536LDV_MDX[1],384LDV_DMSO,384LDV[3],1536LDV_MDX[1],XYZ-267-001,20000,uM,DMSO,4,uL,37.5,uM
15,B21,V34,2.5,nL,100,1536LDV_MDX[1],384LDV_DMSO,384LDV[3],1536LDV_MDX[1],XYZ-267-001,20000,uM,DMSO,4,uL,12.5,uM
15,B21,V41,0,nL,100,1536LDV_MDX[1],384LDV_DMSO,384LDV[3],1536LDV_MDX[1],XYZ-267-001,20000,uM,DMSO,4,uL,0,uM
15,G20,W2,20,nL,100,1536LDV_MDX[1],384LDV_DMSO,384LDV[3],1536LDV_MDX[1],XYZ-845-001,20000,uM,DMSO,4,uL,100,uM
15,G20,W3,7.5,nL,100,1536LDV_MDX[1],384LDV_DMSO,384LDV[3],1536LDV_MDX[1],XYZ-845-001,20000,uM,DMSO,4,uL,37.5,uM
15,G20,W4,2.5,nL,100,1536LDV_MDX[1],384LDV_DMSO,384LDV[3],1536LDV_MDX[1],XYZ-845-001,20000,uM,DMSO,4,uL,12.5,uM
15,G20,W11,0,nL,100,1536LDV_MDX[1],384LDV_DMSO,384LDV[3],1536LDV_MDX[1],XYZ-845-001,20000,uM,DMSO,4,uL,0,uM
15,G20,W12,20,nL,100,1536LDV_MDX[1],384LDV_DMSO,384LDV[3],1536LDV_MDX[1],XYZ-845-001,20000,uM,DMSO,4,uL,100,uM
15,G20,W13,7.5,nL,100,1536LDV_MDX[1],384LDV_DMSO,384LDV[3],1536LDV_MDX[1],XYZ-845-001,20000,uM,DMSO,4,uL,37.5,uM
15,G20,W14,2.5,nL,100,1536LDV_MDX[1],384LDV_DMSO,384LDV[3],1536LDV_MDX[1],XYZ-845-001,20000,uM,DMSO,4,uL,12.5,uM
15,G20,W21,0,nL,100,1536LDV_MDX[1],384LDV_DMSO,384LDV[3],1536LDV_MDX[1],XYZ-845-001,20000,uM,DMSO,4,uL,0,uM
15,G20,W22,20,nL,100,1536LDV_MDX[1],384LDV_DMSO,384LDV[3],1536LDV_MDX[1],XYZ-845-001,20000,uM,DMSO,4,uL,100,uM
15,G20,W23,7.5,nL,100,1536LDV_MDX[1],384LDV_DMSO,384LDV[3],1536LDV_MDX[1],XYZ-845-001,20000,uM,DMSO,4,uL,37.5,uM
15,G20,W24,2.5,nL,100,1536LDV_MDX[1],384LDV_DMSO,384LDV[3],1536LDV_MDX[1],XYZ-845-001,20000,uM,DMSO,4,uL,12.5,uM
15,G20,W31,0,nL,100,1536LDV_MDX[1],384LDV_DMSO,384LDV[3],1536LDV_MDX[1],XYZ-845-001,20000,uM,DMSO,4,uL,0,uM
15,H05,W32,20,nL,100,1536LDV_MDX[1],384LDV_AQ_B2,384LDV[3],1536LDV_MDX[1],XYZ-863-001,20000,uM,H2O,4,uL,100,uM
15,H05,W33,7.5,nL,100,1536LDV_MDX[1],384LDV_AQ_B2,384LDV[3],1536LDV_MDX[1],XYZ-863-001,20000,uM,H2O,4,uL,37.5,uM
15,H05,W34,2.5,nL,100,1536LDV_MDX[1],384LDV_AQ_B2,384LDV[3],1536LDV_MDX[1],XYZ-863-001,20000,uM,H2O,4,uL,12.5,uM
15,H05,W41,0,nL,100,1536LDV_MDX[1],384LDV_AQ_B2,384LDV[3],1536LDV_MDX[1],XYZ-863-001,20000,uM,H2O,4,uL,0,uM
15,H05,X2,20,nL,100,1536LDV_MDX[1],384LDV_AQ_B2,384LDV[3],1536LDV_MDX[1],XYZ-863-001,20000,uM,H2O,4,uL,100,uM
15,H05,X3,7.5,nL,100,1536LDV_MDX[1],384LDV_AQ_B2,384LDV[3],1536LDV_MDX[1],XYZ-863-001,20000,uM,H2O,4,uL,37.5,uM
15,H05,X4,2.5,nL,100,1536LDV_MDX[1],384LDV_AQ_B2,384LDV[3],1536LDV_MDX[1],XYZ-863-001,20000,uM,H2O,4,uL,12.5,uM
15,H05,X11,0,nL,100,1536LDV_MDX[1],384LDV_AQ_B2,384LDV[3],1536LDV_MDX[1],XYZ-863-001,20000,uM,H2O,4,uL,0,uM
15,H05,X12,20,nL,100,1536LDV_MDX[1],384LDV_AQ_B2,384LDV[3],1536LDV_MDX[1],XYZ-863-001,20000,uM,H2O,4,uL,100,uM
15,H05,X13,7.5,nL,100,1536LDV_MDX[1],384LDV_AQ_B2,384LDV[3],1536LDV_MDX[1],XYZ-863-001,20000,uM,H2O,4,uL,37.5,uM
15,H05,X14,2.5,nL,100,1536LDV_MDX[1],384LDV_AQ_B2,384LDV[3],1536LDV_MDX[1],XYZ-863-001,20000,uM,H2O,4,uL,12.5,uM
15,H05,X21,0,nL,100,1536LDV_MDX[1],384LDV_AQ_B2,384LDV[3],1536LDV_MDX[1],XYZ-863-001,20000,uM,H2O,4,uL,0,uM
15,H22,X22,20,nL,100,1536LDV_MDX[1],384LDV_AQ_B2,384LDV[3],1536LDV_MDX[1],XYZ-880-001,20000,uM,H2O,4,uL,100,uM
15,H22,X23,7.5,nL,100,1536LDV_MDX[1],384LDV_AQ_B2,384LDV[3],1536LDV_MDX[1],XYZ-880-001,20000,uM,H2O,4,uL,37.5,uM
15,H22,X24,2.5,nL,100,1536LDV_MDX[1],384LDV_AQ_B2,384LDV[3],1536LDV_MDX[1],XYZ-880-001,20000,uM,H2O,4,uL,12.5,uM
15,H22,X31,0,nL,100,1536LDV_MDX[1],384LDV_AQ_B2,384LDV[3],1536LDV_MDX[1],XYZ-880-001,20000,uM,H2O,4,uL,0,uM
15,H22,X32,20,nL,100,1536LDV_MDX[1],384LDV_AQ_B2,384LDV[3],1536LDV_MDX[1],XYZ-880-001,20000,uM,H2O,4,uL,100,uM
15,H22,X33,7.5,nL,100,1536LDV_MDX[1],384LDV_AQ_B2,384LDV[3],1536LDV_MDX[1],XYZ-880-001,20000,uM,H2O,4,uL,37.5,uM
15,H22,X34,2.5,nL,100,1536LDV_MDX[1],384LDV_AQ_B2,384LDV[3],1536LDV_MDX[1],XYZ-880-001,20000,uM,H2O,4,uL,12.5,uM
15,H22,X41,0,nL,100,1536LDV_MDX[1],384LDV_AQ_B2,384LDV[3],1536LDV_MDX[1],XYZ-880-001,20000,uM,H2O,4,uL,0,uM
15,H22,Y2,20,nL,100,1536LDV_MDX[1],384LDV_AQ_B2,384LDV[3],1536LDV_MDX[1],XYZ-880-001,20000,uM,H2O,4,uL,100,uM
15,H22,Y3,7.5,nL,100,1536LDV_MDX[1],384LDV_AQ_B2,384LDV[3],1536LDV_MDX[1],XYZ-880-001,20000,uM,H2O,4,uL,37.5,uM
15,H22,Y4,2.5,nL,100,1536LDV_MDX[1],384LDV_AQ_B2,384LDV[3],1536LDV_MDX[1],XYZ-880-001,20000,uM,H2O,4,uL,12.5,uM
15,H22,Y11,0,nL,100,1536LDV_MDX[1],384LDV_AQ_B2,384LDV[3],1536LDV_MDX[1],XYZ-880-001,20000,uM,H2O,4,uL,0,uM
15,B14,Y12,40,nL,100,1536LDV_MDX[1],384LDV_AQ_B2,384LDV[3],1536LDV_MDX[1],XYZ-10-001,10000,uM,H2O,4,uL,100,uM
15,B14,Y13,12.5,nL,100,1536LDV_MDX[1],384LDV_AQ_B2,384LDV[3],1536LDV_MDX[1],XYZ-10-001,10000,uM,H2O,4,uL,31.25,uM
15,B14,Y14,5,nL,100,1536LDV_MDX[1],384LDV_AQ_B2,384LDV[3],1536LDV_MDX[1],XYZ-10-001,10000,uM,H2O,4,uL,12.5,uM
15,B14,Y21,0,nL,100,1536LDV_MDX[1],384LDV_AQ_B2,384LDV[3],1536LDV_MDX[1],XYZ-10-001,10000,uM,H2O,4,uL,0,uM
15,B14,Y22,40,nL,100,1536LDV_MDX[1],384LDV_AQ_B2,384LDV[3],1536LDV_MDX[1],XYZ-10-001,10000,uM,H2O,4,uL,100,uM
15,B14,Y23,12.5,nL,100,1536LDV_MDX[1],384LDV_AQ_B2,384LDV[3],1536LDV_MDX[1],XYZ-10-001,10000,uM,H2O,4,uL,31.25,uM
15,B14,Y24,5,nL,100,1536LDV_MDX[1],384LDV_AQ_B2,384LDV[3],1536LDV_MDX[1],XYZ-10-001,10000,uM,H2O,4,uL,12.5,uM
15,B14,Y31,0,nL,100,1536LDV_MDX[1],384LDV_AQ_B2,384LDV[3],1536LDV_MDX[1],XYZ-10-001,10000,uM,H2O,4,uL,0,uM
15,B14,Y32,40,nL,100,1536LDV_MDX[1],384LDV_AQ_B2,384LDV[3],1536LDV_MDX[1],XYZ-10-001,10000,uM,H2O,4,uL,100,uM
15,B14,Y33,12.5,nL,100,1536LDV_MDX[1],384LDV_AQ_B2,384LDV[3],1536LDV_MDX[1],XYZ-10-001,10000,uM,H2O,4,uL,31.25,uM
15,B14,Y34,5,nL,100,1536LDV_MDX[1],384LDV_AQ_B2,384LDV[3],1536LDV_MDX[1],XYZ-10-001,10000,uM,H2O,4,uL,12.5,uM
15,B14,Y41,0,nL,100,1536LDV_MDX[1],384LDV_AQ_B2,384LDV[3],1536LDV_MDX[1],XYZ-10-001,10000,uM,H2O,4,uL,0,uM
15,N06,Z2,40,nL,100,1536LDV_MDX[1],384LDV_DMSO,384LDV[3],1536LDV_MDX[1],XYZ-198-001,10000,uM,DMSO,4,uL,100,uM
15,N06,Z3,12.5,nL,100,1536LDV_MDX[1],384LDV_DMSO,384LDV[3],1536LDV_MDX[1],XYZ-198-001,10000,uM,DMSO,4,uL,31.25,uM
15,N06,Z4,5,nL,100,1536LDV_MDX[1],384LDV_DMSO,384LDV[3],1536LDV_MDX[1],XYZ-198-001,10000,uM,DMSO,4,uL,12.5,uM
15,N06,Z11,0,nL,100,1536LDV_MDX[1],384LDV_DMSO,384LDV[3],1536LDV_MDX[1],XYZ-198-001,10000,uM,DMSO,4,uL,0,uM
15,N06,Z12,40,nL,100,1536LDV_MDX[1],384LDV_DMSO,384LDV[3],1536LDV_MDX[1],XYZ-198-001,10000,uM,DMSO,4,uL,100,uM
15,N06,Z13,12.5,nL,100,1536LDV_MDX[1],384LDV_DMSO,384LDV[3],1536LDV_MDX[1],XYZ-198-001,10000,uM,DMSO,4,uL,31.25,uM
15,N06,Z14,5,nL,100,1536LDV_MDX[1],384LDV_DMSO,384LDV[3],1536LDV_MDX[1],XYZ-198-001,10000,uM,DMSO,4,uL,12.5,uM
15,N06,Z21,0,nL,100,1536LDV_MDX[1],384LDV_DMSO,384LDV[3],1536LDV_MDX[1],XYZ-198-001,10000,uM,DMSO,4,uL,0,uM
15,N06,Z22,40,nL,100,1536LDV_MDX[1],384LDV_DMSO,384LDV[3],1536LDV_MDX[1],XYZ-198-001,10000,uM,DMSO,4,uL,100,uM
15,N06,Z23,12.5,nL,100,1536LDV_MDX[1],384LDV_DMSO,384LDV[3],1536LDV_MDX[1],XYZ-198-001,10000,uM,DMSO,4,uL,31.25,uM
15,N06,Z24,5,nL,100,1536LDV_MDX[1],384LDV_DMSO,384LDV[3],1536LDV_MDX[1],XYZ-198-001,10000,uM,DMSO,4,uL,12.5,uM
15,N06,Z31,0,nL,100,1536LDV_MDX[1],384LDV_DMSO,384LDV[3],1536LDV_MDX[1],XYZ-198-001,10000,uM,DMSO,4,uL,0,uM
15,K24,Z32,40,nL,100,1536LDV_MDX[1],384LDV_DMSO,384LDV[3],1536LDV_MDX[1],XYZ-209-001,10000,uM,DMSO,4,uL,100,uM
15,K24,Z33,12.5,nL,100,1536LDV_MDX[1],384LDV_DMSO,384LDV[3],1536LDV_MDX[1],XYZ-209-001,10000,uM,DMSO,4,uL,31.25,uM
15,K24,Z34,5,nL,100,1536LDV_MDX[1],384LDV_DMSO,384LDV[3],1536LDV_MDX[1],XYZ-209-001,10000,uM,DMSO,4,uL,12.5,uM
15,K24,Z41,0,nL,100,1536LDV_MDX[1],384LDV_DMSO,384LDV[3],1536LDV_MDX[1],XYZ-209-001,10000,uM,DMSO,4,uL,0,uM
15,K24,AA2,40,nL,100,1536LDV_MDX[1],384LDV_DMSO,384LDV[3],1536LDV_MDX[1],XYZ-209-001,10000,uM,DMSO,4,uL,100,uM
15,K24,AA3,12.5,nL,100,1536LDV_MDX[1],384LDV_DMSO,384LDV[3],1536LDV_MDX[1],XYZ-209-001,10000,uM,DMSO,4,uL,31.25,uM
15,K24,AA4,5,nL,100,1536LDV_MDX[1],384LDV_DMSO,384LDV[3],1536LDV_MDX[1],XYZ-209-001,10000,uM,DMSO,4,uL,12.5,uM
15,K24,AA11,0,nL,100,1536LDV_MDX[1],384LDV_DMSO,384LDV[3],1536LDV_MDX[1],XYZ-209-001,10000,uM,DMSO,4,uL,0,uM
15,K24,AA12,40,nL,100,1536LDV_MDX[1],384LDV_DMSO,384LDV[3],1536LDV_MDX[1],XYZ-209-001,10000,uM,DMSO,4,uL,100,uM
15,K24,AA13,12.5,nL,100,1536LDV_MDX[1],384LDV_DMSO,384LDV[3],1536LDV_MDX[1],XYZ-209-001,10000,uM,DMSO,4,uL,31.25,uM
15,K24,AA14,5,nL,100,1536LDV_MDX[1],384LDV_DMSO,384LDV[3],1536LDV_MDX[1],XYZ-209-001,10000,uM,DMSO,4,uL,12.5,uM
15,K24,AA21,0,nL,100,1536LDV_MDX[1],384LDV_DMSO,384LDV[3],1536LDV_MDX[1],XYZ-209-001,10000,uM,DMSO,4,uL,0,uM
15,K06,AA22,40,nL,100,1536LDV_MDX[1],384LDV_DMSO,384LDV[3],1536LDV_MDX[1],XYZ-215-001,10000,uM,DMSO,4,uL,100,uM
15,K06,AA23,12.5,nL,100,1536LDV_MDX[1],384LDV_DMSO,384LDV[3],1536LDV_MDX[1],XYZ-215-001,10000,uM,DMSO,4,uL,31.25,uM
15,K06,AA24,5,nL,100,1536LDV_MDX[1],384LDV_DMSO,384LDV[3],1536LDV_MDX[1],XYZ-215-001,10000,uM,DMSO,4,uL,12.5,uM
15,K06,AA31,0,nL,100,1536LDV_MDX[1],384LDV_DMSO,384LDV[3],1536LDV_MDX[1],XYZ-215-001,10000,uM,DMSO,4,uL,0,uM
15,K06,AA32,40,nL,100,1536LDV_MDX[1],384LDV_DMSO,384LDV[3],1536LDV_MDX[1],XYZ-215-001,10000,uM,DMSO,4,uL,100,uM
15,K06,AA33,12.5,nL,100,1536LDV_MDX[1],384LDV_DMSO,384LDV[3],1536LDV_MDX[1],XYZ-215-001,10000,uM,DMSO,4,uL,31.25,uM
15,K06,AA34,5,nL,100,1536LDV_MDX[1],384LDV_DMSO,384LDV[3],1536LDV_MDX[1],XYZ-215-001,10000,uM,DMSO,4,uL,12.5,uM
15,K06,AA41,0,nL,100,1536LDV_MDX[1],384LDV_DMSO,384LDV[3],1536LDV_MDX[1],XYZ-215-001,10000,uM,DMSO,4,uL,0,uM
15,K06,AB2,40,nL,100,1536LDV_MDX[1],384LDV_DMSO,384LDV[3],1536LDV_MDX[1],XYZ-215-001,10000,uM,DMSO,4,uL,100,uM
15,K06,AB3,12.5,nL,100,1536LDV_MDX[1],384LDV_DMSO,384LDV[3],1536LDV_MDX[1],XYZ-215-001,10000,uM,DMSO,4,uL,31.25,uM
15,K06,AB4,5,nL,100,1536LDV_MDX[1],384LDV_DMSO,384LDV[3],1536LDV_MDX[1],XYZ-215-001,10000,uM,DMSO,4,uL,12.5,uM
15,K06,AB11,0,nL,100,1536LDV_MDX[1],384LDV_DMSO,384LDV[3],1536LDV_MDX[1],XYZ-215-001,10000,uM,DMSO,4,uL,0,uM
15,K17,AB12,40,nL,100,1536LDV_MDX[1],384LDV_DMSO,384LDV[3],1536LDV_MDX[1],XYZ-217-001,10000,uM,DMSO,4,uL,100,uM
15,K17,AB13,12.5,nL,100,1536LDV_MDX[1],384LDV_DMSO,384LDV[3],1536LDV_MDX[1],XYZ-217-001,10000,uM,DMSO,4,uL,31.25,uM
15,K17,AB14,5,nL,100,1536LDV_MDX[1],384LDV_DMSO,384LDV[3],1536LDV_MDX[1],XYZ-217-001,10000,uM,DMSO,4,uL,12.5,uM
15,K17,AB21,0,nL,100,1536LDV_MDX[1],384LDV_DMSO,384LDV[3],1536LDV_MDX[1],XYZ-217-001,10000,uM,DMSO,4,uL,0,uM
15,K17,AB22,40,nL,100,1536LDV_MDX[1],384LDV_DMSO,384LDV[3],1536LDV_MDX[1],XYZ-217-001,10000,uM,DMSO,4,uL,100,uM
15,K17,AB23,12.5,nL,100,1536LDV_MDX[1],384LDV_DMSO,384LDV[3],1536LDV_MDX[1],XYZ-217-001,10000,uM,DMSO,4,uL,31.25,uM
15,K17,AB24,5,nL,100,1536LDV_MDX[1],384LDV_DMSO,384LDV[3],1536LDV_MDX[1],XYZ-217-001,10000,uM,DMSO,4,uL,12.5,uM
15,K17,AB31,0,nL,100,1536LDV_MDX[1],384LDV_DMSO,384LDV[3],1536LDV_MDX[1],XYZ-217-001,10000,uM,DMSO,4,uL,0,uM
15,K17,AB32,40,nL,100,1536LDV_MDX[1],384LDV_DMSO,384LDV[3],1536LDV_MDX[1],XYZ-217-001,10000,uM,DMSO,4,uL,100,uM
15,K17,AB33,12.5,nL,100,1536LDV_MDX[1],384LDV_DMSO,384LDV[3],1536LDV_MDX[1],XYZ-217-001,10000,uM,DMSO,4,uL,31.25,uM
15,K17,AB34,5,nL,100,1536LDV_MDX[1],384LDV_DMSO,384LDV[3],1536LDV_MDX[1],XYZ-217-001,10000,uM,DMSO,4,uL,12.5,uM
15,K17,AB41,0,nL,100,1536LDV_MDX[1],384LDV_DMSO,384LDV[3],1536LDV_MDX[1],XYZ-217-001,10000,uM,DMSO,4,uL,0,uM
15,K07,AC2,40,nL,100,1536LDV_MDX[1],384LDV_DMSO,384LDV[3],1536LDV_MDX[1],XYZ-275-001,10000,uM,DMSO,4,uL,100,uM
15,K07,AC3,12.5,nL,100,1536LDV_MDX[1],384LDV_DMSO,384LDV[3],1536LDV_MDX[1],XYZ-275-001,10000,uM,DMSO,4,uL,31.25,uM
15,K07,AC4,5,nL,100,1536LDV_MDX[1],384LDV_DMSO,384LDV[3],1536LDV_MDX[1],XYZ-275-001,10000,uM,DMSO,4,uL,12.5,uM
15,K07,AC11,0,nL,100,1536LDV_MDX[1],384LDV_DMSO,384LDV[3],1536LDV_MDX[1],XYZ-275-001,10000,uM,DMSO,4,uL,0,uM
15,K07,AC12,40,nL,100,1536LDV_MDX[1],384LDV_DMSO,384LDV[3],1536LDV_MDX[1],XYZ-275-001,10000,uM,DMSO,4,uL,100,uM
15,K07,AC13,12.5,nL,100,1536LDV_MDX[1],384LDV_DMSO,384LDV[3],1536LDV_MDX[1],XYZ-275-001,10000,uM,DMSO,4,uL,31.25,uM
15,K07,AC14,5,nL,100,1536LDV_MDX[1],384LDV_DMSO,384LDV[3],1536LDV_MDX[1],XYZ-275-001,10000,uM,DMSO,4,uL,12.5,uM
15,K07,AC21,0,nL,100,1536LDV_MDX[1],384LDV_DMSO,384LDV[3],1536LDV_MDX[1],XYZ-275-001,10000,uM,DMSO,4,uL,0,uM
15,K07,AC22,40,nL,100,1536LDV_MDX[1],384LDV_DMSO,384LDV[3],1536LDV_MDX[1],XYZ-275-001,10000,uM,DMSO,4,uL,100,uM
15,K07,AC23,12.5,nL,100,1536LDV_MDX[1],384LDV_DMSO,384LDV[3],1536LDV_MDX[1],XYZ-275-001,10000,uM,DMSO,4,uL,31.25,uM
15,K07,AC24,5,nL,100,1536LDV_MDX[1],384LDV_DMSO,384LDV[3],1536LDV_MDX[1],XYZ-275-001,10000,uM,DMSO,4,uL,12.5,uM
15,K07,AC31,0,nL,100,1536LDV_MDX[1],384LDV_DMSO,384LDV[3],1536LDV_MDX[1],XYZ-275-001,10000,uM,DMSO,4,uL,0,uM
15,G01,AC32,40,nL,100,1536LDV_MDX[1],384LDV_DMSO,384LDV[3],1536LDV_MDX[1],XYZ-347-001,10000,uM,DMSO,4,uL,100,uM
15,G01,AC33,12.5,nL,100,1536LDV_MDX[1],384LDV_DMSO,384LDV[3],1536LDV_MDX[1],XYZ-347-001,10000,uM,DMSO,4,uL,31.25,uM
15,G01,AC34,5,nL,100,1536LDV_MDX[1],384LDV_DMSO,384LDV[3],1536LDV_MDX[1],XYZ-347-001,10000,uM,DMSO,4,uL,12.5,uM
15,G01,AC41,0,nL,100,1536LDV_MDX[1],384LDV_DMSO,384LDV[3],1536LDV_MDX[1],XYZ-347-001,10000,uM,DMSO,4,uL,0,uM
15,G01,AD2,40,nL,100,1536LDV_MDX[1],384LDV_DMSO,384LDV[3],1536LDV_MDX[1],XYZ-347-001,10000,uM,DMSO,4,uL,100,uM
15,G01,AD3,12.5,nL,100,1536LDV_MDX[1],384LDV_DMSO,384LDV[3],1536LDV_MDX[1],XYZ-347-001,10000,uM,DMSO,4,uL,31.25,uM
15,G01,AD4,5,nL,100,1536LDV_MDX[1],384LDV_DMSO,384LDV[3],1536LDV_MDX[1],XYZ-347-001,10000,uM,DMSO,4,uL,12.5,uM
15,G01,AD11,0,nL,100,1536LDV_MDX[1],384LDV_DMSO,384LDV[3],1536LDV_MDX[1],XYZ-347-001,10000,uM,DMSO,4,uL,0,uM
15,G01,AD12,40,nL,100,1536LDV_MDX[1],384LDV_DMSO,384LDV[3],1536LDV_MDX[1],XYZ-347-001,10000,uM,DMSO,4,uL,100,uM
15,G01,AD13,12.5,nL,100,1536LDV_MDX[1],384LDV_DMSO,384LDV[3],1536LDV_MDX[1],XYZ-347-001,10000,uM,DMSO,4,uL,31.25,uM
15,G01,AD14,5,nL,100,1536LDV_MDX[1],384LDV_DMSO,384LDV[3],1536LDV_MDX[1],XYZ-347-001,10000,uM,DMSO,4,uL,12.5,uM
15,G01,AD21,0,nL,100,1536LDV_MDX[1],384LDV_DMSO,384LDV[3],1536LDV_MDX[1],XYZ-347-001,10000,uM,DMSO,4,uL,0,uM
15,E24,AD22,40,nL,100,1536LDV_MDX[1],384LDV_DMSO,384LDV[3],1536LDV_MDX[1],XYZ-717-001,10000,uM,DMSO,4,uL,100,uM
15,E24,AD23,12.5,nL,100,1536LDV_MDX[1],384LDV_DMSO,384LDV[3],1536LDV_MDX[1],XYZ-717-001,10000,uM,DMSO,4,uL,31.25,uM
15,E24,AD24,5,nL,100,1536LDV_MDX[1],384LDV_DMSO,384LDV[3],1536LDV_MDX[1],XYZ-717-001,10000,uM,DMSO,4,uL,12.5,uM
15,E24,AD31,0,nL,100,1536LDV_MDX[1],384LDV_DMSO,384LDV[3],1536LDV_MDX[1],XYZ-717-001,10000,uM,DMSO,4,uL,0,uM
15,E24,AD32,40,nL,100,1536LDV_MDX[1],384LDV_DMSO,384LDV[3],1536LDV_MDX[1],XYZ-717-001,10000,uM,DMSO,4,uL,100,uM
15,E24,AD33,12.5,nL,100,1536LDV_MDX[1],384LDV_DMSO,384LDV[3],1536LDV_MDX[1],XYZ-717-001,10000,uM,DMSO,4,uL,31.25,uM
15,E24,AD34,5,nL,100,1536LDV_MDX[1],384LDV_DMSO,384LDV[3],1536LDV_MDX[1],XYZ-717-001,10000,uM,DMSO,4,uL,12.5,uM
15,E24,AD41,0,nL,100,1536LDV_MDX[1],384LDV_DMSO,384LDV[3],1536LDV_MDX[1],XYZ-717-001,10000,uM,DMSO,4,uL,0,uM
15,E24,AE2,40,nL,100,1536LDV_MDX[1],384LDV_DMSO,384LDV[3],1536LDV_MDX[1],XYZ-717-001,10000,uM,DMSO,4,uL,100,uM
15,E24,AE3,12.5,nL,100,1536LDV_MDX[1],384LDV_DMSO,384LDV[3],1536LDV_MDX[1],XYZ-717-001,10000,uM,DMSO,4,uL,31.25,uM
15,E24,AE4,5,nL,100,1536LDV_MDX[1],384LDV_DMSO,384LDV[3],1536LDV_MDX[1],XYZ-717-001,10000,uM,DMSO,4,uL,12.5,uM
15,E24,AE11,0,nL,100,1536LDV_MDX[1],384LDV_DMSO,384LDV[3],1536LDV_MDX[1],XYZ-717-001,10000,uM,DMSO,4,uL,0,uM
200,A19,AE12,40,nL,100,1536LDV_MDX[1],384LDV_DMSO,384LDV[6],1536LDV_MDX[1],XYZ-832-001,10000,uM,DMSO,4,uL,100,uM
200,A19,AE13,12.5,nL,100,1536LDV_MDX[1],384LDV_DMSO,384LDV[6],1536LDV_MDX[1],XYZ-832-001,10000,uM,DMSO,4,uL,31.25,uM
200,A19,AE14,5,nL,100,1536LDV_MDX[1],384LDV_DMSO,384LDV[6],1536LDV_MDX[1],XYZ-832-001,10000,uM,DMSO,4,uL,12.5,uM
200,A19,AE21,0,nL,100,1536LDV_MDX[1],384LDV_DMSO,384LDV[6],1536LDV_MDX[1],XYZ-832-001,10000,uM,DMSO,4,uL,0,uM
200,A19,AE22,40,nL,100,1536LDV_MDX[1],384LDV_DMSO,384LDV[6],1536LDV_MDX[1],XYZ-832-001,10000,uM,DMSO,4,uL,100,uM
200,A19,AE23,12.5,nL,100,1536LDV_MDX[1],384LDV_DMSO,384LDV[6],1536LDV_MDX[1],XYZ-832-001,10000,uM,DMSO,4,uL,31.25,uM
200,A19,AE24,5,nL,100,1536LDV_MDX[1],384LDV_DMSO,384LDV[6],1536LDV_MDX[1],XYZ-832-001,10000,uM,DMSO,4,uL,12.5,uM
200,A19,AE31,0,nL,100,1536LDV_MDX[1],384LDV_DMSO,384LDV[6],1536LDV_MDX[1],XYZ-832-001,10000,uM,DMSO,4,uL,0,uM
200,A19,AE32,40,nL,100,1536LDV_MDX[1],384LDV_DMSO,384LDV[6],1536LDV_MDX[1],XYZ-832-001,10000,uM,DMSO,4,uL,100,uM
200,A19,AE33,12.5,nL,100,1536LDV_MDX[1],384LDV_DMSO,384LDV[6],1536LDV_MDX[1],XYZ-832-001,10000,uM,DMSO,4,uL,31.25,uM
200,A19,AE34,5,nL,100,1536LDV_MDX[1],384LDV_DMSO,384LDV[6],1536LDV_MDX[1],XYZ-832-001,10000,uM,DMSO,4,uL,12.5,uM
200,A19,AE41,0,nL,100,1536LDV_MDX[1],384LDV_DMSO,384LDV[6],1536LDV_MDX[1],XYZ-832-001,10000,uM,DMSO,4,uL,0,uM
667,N11,B2,37.5,nL,101,1536LDV_MDX[2],384LDV_DMSO,384LDV[8],1536LDV_MDX[2],XYZ-100-001,10900,uM,DMSO,4,uL,102.1875,uM
667,N11,B3,12.5,nL,101,1536LDV_MDX[2],384LDV_DMSO,384LDV[8],1536LDV_MDX[2],XYZ-100-001,10900,uM,DMSO,4,uL,34.0625,uM
667,N11,B4,5,nL,101,1536LDV_MDX[2],384LDV_DMSO,384LDV[8],1536LDV_MDX[2],XYZ-100-001,10900,uM,DMSO,4,uL,13.625,uM
667,N11,B12,37.5,nL,101,1536LDV_MDX[2],384LDV_DMSO,384LDV[8],1536LDV_MDX[2],XYZ-100-001,10900,uM,DMSO,4,uL,102.1875,uM
667,N11,B13,12.5,nL,101,1536LDV_MDX[2],384LDV_DMSO,384LDV[8],1536LDV_MDX[2],XYZ-100-001,10900,uM,DMSO,4,uL,34.0625,uM
667,N11,B14,5,nL,101,1536LDV_MDX[2],384LDV_DMSO,384LDV[8],1536LDV_MDX[2],XYZ-100-001,10900,uM,DMSO,4,uL,13.625,uM
667,N11,B22,37.5,nL,101,1536LDV_MDX[2],384LDV_DMSO,384LDV[8],1536LDV_MDX[2],XYZ-100-001,10900,uM,DMSO,4,uL,102.1875,uM
667,N11,B23,12.5,nL,101,1536LDV_MDX[2],384LDV_DMSO,384LDV[8],1536LDV_MDX[2],XYZ-100-001,10900,uM,DMSO,4,uL,34.0625,uM
667,N11,B24,5,nL,101,1536LDV_MDX[2],384LDV_DMSO,384LDV[8],1536LDV_MDX[2],XYZ-100-001,10900,uM,DMSO,4,uL,13.625,uM
667,C14,B32,40,nL,101,1536LDV_MDX[2],384LDV_DMSO,384LDV[8],1536LDV_MDX[2],XYZ-102-001,10100,uM,DMSO,4,uL,101,uM
667,C14,B33,12.5,nL,101,1536LDV_MDX[2],384LDV_DMSO,384LDV[8],1536LDV_MDX[2],XYZ-102-001,10100,uM,DMSO,4,uL,31.5625,uM
667,C14,B34,5,nL,101,1536LDV_MDX[2],384LDV_DMSO,384LDV[8],1536LDV_MDX[2],XYZ-102-001,10100,uM,DMSO,4,uL,12.625,uM
667,C14,C2,40,nL,101,1536LDV_MDX[2],384LDV_DMSO,384LDV[8],1536LDV_MDX[2],XYZ-102-001,10100,uM,DMSO,4,uL,101,uM
667,C14,C3,12.5,nL,101,1536LDV_MDX[2],384LDV_DMSO,384LDV[8],1536LDV_MDX[2],XYZ-102-001,10100,uM,DMSO,4,uL,31.5625,uM
667,C14,C4,5,nL,101,1536LDV_MDX[2],384LDV_DMSO,384LDV[8],1536LDV_MDX[2],XYZ-102-001,10100,uM,DMSO,4,uL,12.625,uM
667,C14,C12,40,nL,101,1536LDV_MDX[2],384LDV_DMSO,384LDV[8],1536LDV_MDX[2],XYZ-102-001,10100,uM,DMSO,4,uL,101,uM
667,C14,C13,12.5,nL,101,1536LDV_MDX[2],384LDV_DMSO,384LDV[8],1536LDV_MDX[2],XYZ-102-001,10100,uM,DMSO,4,uL,31.5625,uM
667,C14,C14,5,nL,101,1536LDV_MDX[2],384LDV_DMSO,384LDV[8],1536LDV_MDX[2],XYZ-102-001,10100,uM,DMSO,4,uL,12.625,uM
667,C03,C22,40,nL,101,1536LDV_MDX[2],384LDV_DMSO,384LDV[8],1536LDV_MDX[2],XYZ-213-001,9960,uM,DMSO,4,uL,99.60000000000001,uM
667,C03,C23,12.5,nL,101,1536LDV_MDX[2],384LDV_DMSO,384LDV[8],1536LDV_MDX[2],XYZ-213-001,9960,uM,DMSO,4,uL,31.125,uM
667,C03,C24,5,nL,101,1536LDV_MDX[2],384LDV_DMSO,384LDV[8],1536LDV_MDX[2],XYZ-213-001,9960,uM,DMSO,4,uL,12.450000000000001,uM
667,C03,C32,40,nL,101,1536LDV_MDX[2],384LDV_DMSO,384LDV[8],1536LDV_MDX[2],XYZ-213-001,9960,uM,DMSO,4,uL,99.60000000000001,uM
667,C03,C33,12.5,nL,101,1536LDV_MDX[2],384LDV_DMSO,384LDV[8],1536LDV_MDX[2],XYZ-213-001,9960,uM,DMSO,4,uL,31.125,uM
667,C03,C34,5,nL,101,1536LDV_MDX[2],384LDV_DMSO,384LDV[8],1536LDV_MDX[2],XYZ-213-001,9960,uM,DMSO,4,uL,12.450000000000001,uM
667,C03,D2,40,nL,101,1536LDV_MDX[2],384LDV_DMSO,384LDV[8],1536LDV_MDX[2],XYZ-213-001,9960,uM,DMSO,4,uL,99.60000000000001,uM
667,C03,D3,12.5,nL,101,1536LDV_MDX[2],384LDV_DMSO,384LDV[8],1536LDV_MDX[2],XYZ-213-001,9960,uM,DMSO,4,uL,31.125,uM
667,C03,D4,5,nL,101,1536LDV_MDX[2],384LDV_DMSO,384LDV[8],1536LDV_MDX[2],XYZ-213-001,9960,uM,DMSO,4,uL,12.450000000000001,uM
667,D21,D12,40,nL,101,1536LDV_MDX[2],384LDV_DMSO,384LDV[8],1536LDV_MDX[2],XYZ-6-001,10100,uM,DMSO,4,uL,101,uM
667,D21,D13,12.5,nL,101,1536LDV_MDX[2],384LDV_DMSO,384LDV[8],1536LDV_MDX[2],XYZ-6-001,10100,uM,DMSO,4,uL,31.5625,uM
667,D21,D14,5,nL,101,1536LDV_MDX[2],384LDV_DMSO,384LDV[8],1536LDV_MDX[2],XYZ-6-001,10100,uM,DMSO,4,uL,12.625,uM
667,D21,D22,40,nL,101,1536LDV_MDX[2],384LDV_DMSO,384LDV[8],1536LDV_MDX[2],XYZ-6-001,10100,uM,DMSO,4,uL,101,uM
667,D21,D23,12.5,nL,101,1536LDV_MDX[2],384LDV_DMSO,384LDV[8],1536LDV_MDX[2],XYZ-6-001,10100,uM,DMSO,4,uL,31.5625,uM
667,D21,D24,5,nL,101,1536LDV_MDX[2],384LDV_DMSO,384LDV[8],1536LDV_MDX[2],XYZ-6-001,10100,uM,DMSO,4,uL,12.625,uM
667,D21,D32,40,nL,101,1536LDV_MDX[2],384LDV_DMSO,384LDV[8],1536LDV_MDX[2],XYZ-6-001,10100,uM,DMSO,4,uL,101,uM
667,D21,D33,12.5,nL,101,1536LDV_MDX[2],384LDV_DMSO,384LDV[8],1536LDV_MDX[2],XYZ-6-001,10100,uM,DMSO,4,uL,31.5625,uM
667,D21,D34,5,nL,101,1536LDV_MDX[2],384LDV_DMSO,384LDV[8],1536LDV_MDX[2],XYZ-6-001,10100,uM,DMSO,4,uL,12.625,uM
667,I17,E2,40,nL,101,1536LDV_MDX[2],384LDV_DMSO,384LDV[8],1536LDV_MDX[2],XYZ-66-001,9970,uM,DMSO,4,uL,99.7,uM
667,I17,E3,12.5,nL,101,1536LDV_MDX[2],384LDV_DMSO,384LDV[8],1536LDV_MDX[2],XYZ-66-001,9970,uM,DMSO,4,uL,31.15625,uM
667,I17,E4,5,nL,101,1536LDV_MDX[2],384LDV_DMSO,384LDV[8],1536LDV_MDX[2],XYZ-66-001,9970,uM,DMSO,4,uL,12.4625,uM
667,I17,E12,40,nL,101,1536LDV_MDX[2],384LDV_DMSO,384LDV[8],1536LDV_MDX[2],XYZ-66-001,9970,uM,DMSO,4,uL,99.7,uM
667,I17,E13,12.5,nL,101,1536LDV_MDX[2],384LDV_DMSO,384LDV[8],1536LDV_MDX[2],XYZ-66-001,9970,uM,DMSO,4,uL,31.15625,uM
667,I17,E14,5,nL,101,1536LDV_MDX[2],384LDV_DMSO,384LDV[8],1536LDV_MDX[2],XYZ-66-001,9970,uM,DMSO,4,uL,12.4625,uM
667,I17,E22,40,nL,101,1536LDV_MDX[2],384LDV_DMSO,384LDV[8],1536LDV_MDX[2],XYZ-66-001,9970,uM,DMSO,4,uL,99.7,uM
667,I17,E23,12.5,nL,101,1536LDV_MDX[2],384LDV_DMSO,384LDV[8],1536LDV_MDX[2],XYZ-66-001,9970,uM,DMSO,4,uL,31.15625,uM
667,I17,E24,5,nL,101,1536LDV_MDX[2],384LDV_DMSO,384LDV[8],1536LDV_MDX[2],XYZ-66-001,9970,uM,DMSO,4,uL,12.4625,uM
667,K16,E32,40,nL,101,1536LDV_MDX[2],384LDV_DMSO,384LDV[8],1536LDV_MDX[2],XYZ-7-001,10100,uM,DMSO,4,uL,101,uM
667,K16,E33,12.5,nL,101,1536LDV_MDX[2],384LDV_DMSO,384LDV[8],1536LDV_MDX[2],XYZ-7-001,10100,uM,DMSO,4,uL,31.5625,uM
667,K16,E34,5,nL,101,1536LDV_MDX[2],384LDV_DMSO,384LDV[8],1536LDV_MDX[2],XYZ-7-001,10100,uM,DMSO,4,uL,12.625,uM
667,K16,F2,40,nL,101,1536LDV_MDX[2],384LDV_DMSO,384LDV[8],1536LDV_MDX[2],XYZ-7-001,10100,uM,DMSO,4,uL,101,uM
667,K16,F3,12.5,nL,101,1536LDV_MDX[2],384LDV_DMSO,384LDV[8],1536LDV_MDX[2],XYZ-7-001,10100,uM,DMSO,4,uL,31.5625,uM
667,K16,F4,5,nL,101,1536LDV_MDX[2],384LDV_DMSO,384LDV[8],1536LDV_MDX[2],XYZ-7-001,10100,uM,DMSO,4,uL,12.625,uM
667,K16,F12,40,nL,101,1536LDV_MDX[2],384LDV_DMSO,384LDV[8],1536LDV_MDX[2],XYZ-7-001,10100,uM,DMSO,4,uL,101,uM
667,K16,F13,12.5,nL,101,1536LDV_MDX[2],384LDV_DMSO,384LDV[8],1536LDV_MDX[2],XYZ-7-001,10100,uM,DMSO,4,uL,31.5625,uM
667,K16,F14,5,nL,101,1536LDV_MDX[2],384LDV_DMSO,384LDV[8],1536LDV_MDX[2],XYZ-7-001,10100,uM,DMSO,4,uL,12.625,uM
